counterparty_id,name,type,country,kyc_status,last_review_date
1,Counterparty_01,Supplier,Germany,Approved,2026-05-19
2,Counterparty_02,Buyer,Brazil,Approved,2025-11-21
3,Counterparty_03,Supplier,Germany,Approved,2026-05-14
4,Counterparty_04,Supplier,Vietnam,Approved,2026-02-22
5,Counterparty_05,Buyer,Germany,Approved,2025-08-18
6,Counterparty_06,Supplier,Germany,Approved,2026-06-08
7,Counterparty_07,Supplier,Germany,Approved,2025-08-08
8,Counterparty_08,Supplier,Indonesia,Approved,2026-07-02
9,Counterparty_09,Buyer,Uganda,Approved,2026-05-22
10,Counterparty_10,Buyer,Germany,Approved,2025-09-29
11,Counterparty_11,Buyer,Brazil,Approved,2025-06-03
12,Counterparty_12,Supplier,Germany,Approved,2026-05-24
13,Counterparty_13,Supplier,Indonesia,Approved,2026-03-12
14,Counterparty_14,Supplier,Uganda,Approved,2025-03-20
15,Counterparty_15,Buyer,Indonesia,Approved,2025-02-11
16,Counterparty_16,Buyer,Indonesia,Approved,2025-10-02
17,Counterparty_17,Buyer,Vietnam,Approved,2025-12-18
18,Counterparty_18,Buyer,Vietnam,Approved,2026-02-13
19,Counterparty_19,Supplier,Brazil,Approved,2025-09-14
20,Counterparty_20,Supplier,Vietnam,Approved,2025-09-27
21,Counterparty_21,Supplier,Uganda,Approved,2026-03-14
22,Counterparty_22,Buyer,Germany,Approved,2026-08-17
23,Counterparty_23,Supplier,Indonesia,Approved,2026-06-04
24,Counterparty_24,Supplier,Uganda,Approved,2025-03-01
25,Counterparty_25,Supplier,Switzerland,Expired,2026-01-03
26,Counterparty_26,Buyer,Indonesia,Pending,2025-11-28
27,Counterparty_27,Buyer,Vietnam,Approved,2025-12-06
28,Counterparty_28,Buyer,Germany,Approved,2025-06-09
29,Counterparty_29,Buyer,Indonesia,Expired,2026-07-23
30,Counterparty_30,Supplier,Indonesia,Approved,2026-07-13
31,Counterparty_31,Supplier,Indonesia,Approved,2026-03-25
32,Counterparty_32,Supplier,Indonesia,Approved,2025-11-25
33,Counterparty_33,Buyer,Vietnam,Approved,2025-08-12
34,Counterparty_34,Buyer,Indonesia,Approved,2025-11-23
35,Counterparty_35,Buyer,Germany,Pending,2025-12-21
36,Counterparty_36,Buyer,Brazil,Approved,2025-03-13
37,Counterparty_37,Buyer,Indonesia,Approved,2026-05-30
38,Counterparty_38,Buyer,Vietnam,Approved,2025-10-08
39,Counterparty_39,Buyer,Uganda,Approved,2025-10-24
40,Counterparty_40,Supplier,Uganda,Approved,2025-12-03
41,Counterparty_41,Buyer,Switzerland,Pending,2025-05-26
42,Counterparty_42,Supplier,Brazil,Approved,2026-03-30
43,Counterparty_43,Supplier,Brazil,Approved,2025-03-04
44,Counterparty_44,Buyer,Uganda,Approved,2026-02-22
45,Counterparty_45,Supplier,Switzerland,Approved,2025-10-23
46,Counterparty_46,Supplier,Switzerland,Approved,2025-11-06
47,Counterparty_47,Buyer,Vietnam,Approved,2025-05-02
48,Counterparty_48,Buyer,Brazil,Approved,2025-12-22
49,Counterparty_49,Supplier,Germany,Approved,2026-03-20
50,Counterparty_50,Buyer,Vietnam,Approved,2026-08-17
