invoice_id,contract_id,counterparty_id,amount_usd,due_date,paid_date
1,1,15,174495.24,2026-08-16,2026-08-29
2,2,34,544732.8,2026-10-22,
3,4,46,173154.98,2026-09-24,2026-09-28
4,5,38,158010.84,2026-05-23,2026-05-25
5,6,11,641936.64,2026-09-11,
6,7,49,86598.39,2026-04-06,2026-04-21
7,8,28,161335.08,2026-07-12,2026-08-02
8,9,28,167962.66,2026-08-03,2026-08-27
9,11,39,272394.64,2026-09-14,2026-09-28
10,13,30,348302.49,2026-07-11,2026-07-20
11,15,38,470538.24,2026-03-19,
12,20,17,88705.49,2026-05-17,2026-05-21
13,21,36,79351.41,2026-08-31,2026-09-12
14,22,49,603165.12,2026-09-19,2026-09-25
15,23,26,244585.29,2026-05-27,2026-06-02
16,24,20,153517.34,2026-07-18,2026-08-01
17,26,35,244585.86,2026-09-28,
18,27,28,435086.4,2026-08-13,2026-08-27
19,30,21,112484.94,2026-08-29,2026-09-08
20,36,23,159240.14,2026-08-07,
21,37,9,571056.96,2026-06-25,2026-07-09
22,38,47,91941.57,2026-09-20,2026-09-28
23,39,43,76401.28,2026-06-20,
24,40,43,107049.42,2026-04-03,2026-04-05
25,41,17,389645.76,2026-06-15,
26,44,28,246139.68,2026-08-26,
27,45,36,155303.72,2026-07-03,2026-07-20
28,48,32,105423.4,2026-10-21,
29,49,41,520483.2,2026-07-02,2026-07-04
30,50,17,236621.82,2026-06-12,2026-06-15
31,51,41,120668.62,2026-07-23,2026-07-31
32,53,21,214935.6,2026-08-12,
33,54,46,174513.48,2026-09-10,2026-09-28
34,55,48,161447.94,2026-08-11,2026-08-27
35,59,47,237553.96,2026-02-20,2026-02-27
36,60,49,272806.56,2026-04-27,2026-05-08
37,62,38,439708.8,2026-09-30,
38,63,50,174211.0,2026-07-04,2026-07-23
39,64,39,250391.31,2026-04-26,2026-05-04
40,65,12,85614.57,2026-02-26,2026-03-10
41,66,39,257045.49,2026-11-10,
42,67,6,80916.44,2026-05-24,
43,68,25,85212.91,2026-03-29,2026-04-02
44,69,32,257771.67,2026-04-26,2026-05-19
45,70,23,83634.96,2026-10-04,
46,71,35,171502.36,2026-05-01,2026-05-24
47,72,13,88614.29,2026-09-11,
48,74,33,419140.8,2026-04-18,2026-04-20
49,75,32,260795.52,2026-06-26,2026-07-18
50,76,15,400455.36,2026-08-26,2026-09-18
51,77,16,216559.72,2026-10-28,
52,78,13,96715.13,2026-11-05,
53,80,30,88500.67,2026-03-14,2026-03-26
54,82,21,170303.46,2026-07-29,
55,84,11,347266.23,2026-06-13,2026-06-27
56,85,33,106546.68,2026-02-16,2026-02-28
57,86,41,352817.46,2026-09-09,2026-09-27
58,87,15,163400.0,2026-08-15,2026-08-15
59,88,44,347726.79,2026-04-04,2026-04-05
60,89,29,328042.41,2026-04-20,2026-05-04
61,90,9,434059.2,2026-05-29,2026-06-19
62,91,19,212932.24,2026-09-15,2026-09-28
63,92,1,175786.86,2026-08-28,2026-09-11
64,93,2,337846.41,2026-07-02,2026-07-11
65,95,23,156613.2,2026-07-10,2026-07-21
66,97,7,169315.46,2026-03-06,2026-03-18
67,98,42,218467.7,2026-08-24,2026-09-08
68,99,12,231115.62,2026-04-26,2026-05-01
69,100,7,626137.92,2026-06-19,2026-06-28
70,101,35,314271.21,2026-10-23,
71,102,39,81916.03,2026-11-11,
72,103,31,427319.04,2026-04-29,2026-05-19
73,105,6,91094.55,2026-06-25,2026-07-13
74,106,20,227436.27,2026-10-15,
75,107,23,265813.23,2026-07-09,2026-07-19
76,108,50,425318.4,2026-08-08,2026-08-21
77,109,15,159853.08,2026-06-26,2026-07-20
78,110,10,321951.96,2026-04-06,2026-04-14
79,111,48,159390.62,2026-10-22,
80,113,2,245559.99,2026-08-31,2026-09-18
81,114,22,419905.92,2026-07-09,2026-07-24
82,115,21,414897.6,2026-06-06,2026-06-23
83,116,31,412587.84,2026-04-11,2026-04-30
84,118,47,251762.73,2026-03-07,2026-03-24
85,122,4,187751.54,2026-04-16,2026-05-02
86,124,7,239500.32,2026-08-26,2026-09-04
87,125,30,242104.84,2026-06-14,2026-06-24
88,126,40,632459.52,2026-05-05,
89,127,13,528374.4,2026-03-22,
90,130,45,167427.62,2026-09-22,2026-09-28
91,131,12,225704.61,2026-06-26,2026-07-20
92,132,34,535408.32,2026-08-30,2026-09-16
93,133,23,262532.88,2026-07-11,
94,136,42,418170.24,2026-10-08,
95,137,29,160174.18,2026-10-04,
96,138,9,250823.18,2026-07-08,
97,139,8,158330.04,2026-07-27,
98,140,22,424743.36,2026-10-15,
99,141,26,342777.48,2026-09-11,
100,143,13,85593.86,2026-06-30,2026-07-01
101,144,26,253491.54,2026-10-10,
102,147,40,374123.49,2026-05-10,
103,148,33,537313.92,2026-03-14,2026-03-29
104,149,1,249825.87,2026-10-21,
105,150,50,422361.6,2026-03-10,2026-03-19
106,153,2,479572.8,2026-06-22,2026-07-14
107,155,6,87736.68,2026-06-09,2026-06-10
108,156,5,209243.58,2026-09-27,2026-09-28
109,157,35,80290.39,2026-10-23,
110,158,37,325177.02,2026-08-23,2026-09-14
111,159,6,77109.98,2026-08-25,
112,160,49,320581.11,2026-07-14,2026-07-28
113,161,17,177886.36,2026-05-06,2026-05-24
114,162,16,83087.76,2026-08-28,2026-09-17
115,163,15,121626.79,2026-08-12,2026-08-24
116,167,11,467027.52,2026-05-19,2026-06-06
117,169,19,78984.14,2026-08-09,
118,170,34,543401.28,2026-06-23,
119,171,39,237199.23,2026-09-07,2026-09-24
120,172,18,213545.56,2026-09-04,
121,174,40,248303.4,2026-06-25,2026-07-03
122,175,35,643014.72,2026-08-26,2026-08-26
123,177,46,126261.08,2026-07-28,2026-08-13
124,178,42,182211.9,2026-06-25,2026-07-01
125,179,47,342985.53,2026-08-29,
126,180,21,198529.48,2026-11-05,
127,182,17,171989.9,2026-05-05,2026-05-26
128,184,38,90390.03,2026-03-29,2026-04-04
129,185,36,86565.52,2026-05-03,2026-05-19
130,186,41,237386.19,2026-09-11,2026-09-28
131,187,9,424588.8,2026-10-10,
132,188,25,175195.58,2026-03-28,2026-04-09
133,189,12,81200.11,2026-04-20,2026-04-30
134,190,45,154126.86,2026-08-08,2026-08-15
135,192,8,90572.81,2026-09-08,2026-09-22
136,195,46,169846.32,2026-05-01,2026-05-25
137,196,5,171387.22,2026-09-17,2026-09-22
138,197,17,232939.62,2026-08-02,2026-08-03
139,203,26,203860.88,2026-10-27,
140,204,3,432973.44,2026-10-01,
141,205,12,84640.82,2026-09-01,2026-09-07
142,206,1,113710.82,2026-09-03,2026-09-14
143,207,5,308037.69,2026-09-30,
144,210,39,80991.11,2026-11-03,
145,211,5,263581.68,2026-02-23,2026-02-27
146,212,2,322843.44,2026-06-14,2026-06-19
147,213,17,241452.0,2026-09-03,2026-09-14
148,214,33,204903.6,2026-04-10,2026-04-27
149,215,38,361456.38,2026-10-07,
150,217,18,234735.5,2026-04-08,
151,218,9,202014.84,2026-09-07,2026-09-09
152,219,2,106954.99,2026-06-21,2026-07-11
153,220,8,338098.35,2026-05-24,2026-05-24
154,222,44,76304.0,2026-08-01,2026-08-16
155,223,14,252569.28,2026-07-19,2026-08-02
156,224,42,98115.05,2026-11-01,
157,225,28,508638.72,2026-08-14,2026-08-27
158,226,27,152360.62,2026-06-21,2026-06-28
159,229,3,351025.95,2026-06-29,2026-07-11
160,230,5,168107.82,2026-09-26,2026-09-28
161,231,22,454687.68,2026-09-24,2026-09-28
162,232,20,632909.76,2026-08-14,2026-09-02
163,233,28,116348.4,2026-03-31,2026-03-31
164,234,37,235358.7,2026-07-02,2026-07-15
165,235,30,154626.94,2026-04-11,
166,236,13,559904.64,2026-07-24,2026-07-24
167,237,17,203290.88,2026-02-11,
168,239,11,240460.2,2026-06-22,
169,240,26,363573.12,2026-11-06,
170,241,27,85056.35,2026-06-24,2026-07-06
171,243,36,167252.82,2026-09-02,2026-09-19
172,244,24,237302.4,2026-10-20,
173,245,16,320499.6,2026-06-16,2026-07-05
174,248,11,259068.99,2026-09-30,
175,249,32,262850.94,2026-03-13,2026-04-01
176,250,11,436701.12,2026-08-03,2026-08-03
177,251,33,82629.48,2026-08-20,2026-09-05
178,252,38,254522.67,2026-06-08,2026-06-16
179,253,49,450734.4,2026-09-11,2026-09-12
180,255,38,606615.36,2026-07-10,2026-07-27
181,258,9,171565.82,2026-09-08,2026-09-21
182,259,9,168355.96,2026-09-01,2026-09-17
183,262,42,418389.12,2026-07-17,2026-07-26
184,263,4,321749.04,2026-08-29,2026-09-04
185,265,35,592740.48,2026-06-30,
186,266,50,87218.74,2026-09-09,2026-09-14
187,267,43,75402.26,2026-10-28,
188,268,7,84858.94,2026-03-18,
189,270,33,176275.16,2026-05-17,2026-06-10
190,271,9,112777.16,2026-05-06,
191,272,23,80550.88,2026-09-20,2026-09-28
192,273,46,157190.8,2026-10-17,
193,274,20,231060.33,2026-09-18,2026-09-28
194,275,10,413411.52,2026-04-22,2026-05-02
195,277,48,232594.2,2026-10-12,
196,278,49,603601.92,2026-09-14,2026-09-19
197,280,44,179554.94,2026-03-28,2026-04-18
198,282,10,323682.48,2026-01-27,2026-02-09
199,283,31,411888.96,2026-07-13,
200,284,12,81236.4,2026-06-26,2026-07-01
201,286,33,413079.36,2026-09-01,2026-09-07
202,287,48,241306.08,2026-04-21,
203,288,15,118781.73,2026-03-23,2026-04-05
204,290,37,124693.77,2026-08-04,2026-08-07
205,291,1,260210.13,2026-03-05,2026-03-21
206,292,29,112924.79,2026-09-27,2026-09-28
207,293,38,121291.82,2026-08-07,2026-08-10
208,295,20,460051.2,2026-06-17,2026-06-29
209,297,19,107170.45,2026-08-08,
210,298,36,240223.08,2026-09-03,2026-09-03
211,301,27,582723.84,2026-08-06,2026-08-29
212,303,47,87706.28,2026-03-19,2026-04-03
213,306,25,104905.84,2026-05-24,2026-05-30
214,307,31,232044.72,2026-09-13,2026-09-28
215,309,15,375260.64,2026-05-18,2026-06-08
216,311,13,535164.48,2026-03-23,2026-04-15
217,312,38,250988.1,2026-07-25,
218,313,6,85242.93,2026-06-10,2026-06-15
219,316,29,179037.76,2026-06-04,2026-06-08
220,317,8,158350.56,2026-08-02,2026-08-07
221,318,20,91612.11,2026-06-01,2026-06-22
222,321,7,84145.49,2026-07-20,2026-07-27
223,324,16,237801.15,2026-09-14,
224,325,23,218035.64,2026-08-16,2026-09-07
225,328,34,397959.36,2026-10-27,
226,331,19,229669.72,2026-07-18,2026-07-28
227,333,1,168321.38,2026-10-08,
228,334,11,129046.67,2026-10-21,
229,335,30,249042.69,2026-05-04,2026-05-18
230,339,39,419328.96,2026-10-24,
231,340,9,83394.99,2026-09-03,2026-09-09
232,341,42,372853.53,2026-07-27,2026-07-27
233,342,45,405109.44,2026-08-07,2026-08-22
234,343,5,271347.36,2026-06-02,2026-06-15
235,351,18,255014.58,2026-02-15,2026-03-03
236,352,11,402397.44,2026-06-26,2026-07-07
237,354,30,88681.17,2026-03-15,2026-04-03
238,355,24,216744.02,2026-10-10,
239,356,10,310659.69,2026-08-28,2026-09-15
240,358,34,428595.84,2026-08-25,2026-09-12
241,359,2,245060.1,2026-07-13,2026-07-25
242,360,11,73456.85,2026-06-02,
243,361,45,248924.13,2026-05-20,
244,362,5,87236.6,2026-07-10,
245,363,21,159680.56,2026-06-23,2026-07-07
246,365,6,509827.2,2026-08-09,2026-08-22
247,367,27,162348.92,2026-08-11,2026-08-19
248,368,9,296330.46,2026-09-01,2026-09-04
249,369,4,254374.47,2026-08-15,
250,370,7,404640.72,2026-08-09,2026-08-31
251,373,10,544661.76,2026-01-23,2026-02-09
252,374,17,516680.64,2026-09-26,
253,376,19,201746.18,2026-07-30,2026-08-17
254,377,13,212143.36,2026-05-10,2026-06-02
255,379,27,255662.67,2026-05-25,2026-05-30
256,380,18,353826.36,2026-08-30,2026-09-17
257,381,18,232780.02,2026-06-25,
258,382,14,168221.44,2026-08-04,2026-08-10
259,384,31,403435.2,2026-07-01,2026-07-01
260,386,11,107969.97,2026-10-13,
261,387,41,446106.24,2026-07-13,
262,389,2,250675.17,2026-09-13,
263,390,47,436913.28,2026-05-19,
264,392,5,155051.78,2026-08-23,
265,393,38,175474.5,2026-09-04,2026-09-15
266,395,3,80963.56,2026-10-11,
267,398,31,352831.14,2026-05-30,
268,399,21,111903.54,2026-11-08,
269,400,7,619611.84,2026-03-31,2026-04-10
270,401,10,245324.01,2026-06-28,2026-06-28
271,402,43,113146.14,2026-06-16,2026-06-27
272,403,49,456830.4,2026-04-07,2026-04-28
273,404,38,86142.96,2026-08-19,
274,406,41,197998.62,2026-09-21,2026-09-24
275,407,35,354025.86,2026-04-06,2026-04-25
276,409,8,406105.92,2026-10-02,
277,411,23,326427.03,2026-03-10,2026-03-16
278,412,3,557762.88,2026-06-22,2026-07-11
279,413,11,251596.29,2026-10-12,
280,414,21,443956.8,2026-06-23,2026-07-08
281,415,4,170993.16,2026-07-20,2026-08-02
282,417,24,344097.6,2026-07-06,2026-07-10
283,418,48,558020.16,2026-03-31,2026-04-18
284,419,5,460429.44,2026-05-21,2026-06-05
285,420,29,240889.98,2026-10-13,
286,421,46,236183.49,2026-10-25,
287,423,47,153593.34,2026-04-03,2026-04-18
288,425,41,210211.06,2026-06-17,
289,426,49,412803.84,2026-05-02,2026-05-22
290,428,25,467019.84,2026-04-17,2026-04-24
291,430,25,579721.92,2026-07-07,2026-07-30
292,431,15,243977.1,2026-06-11,2026-06-11
293,432,49,525201.6,2026-05-05,2026-05-13
294,433,48,229997.66,2026-09-02,2026-09-17
295,434,20,176463.64,2026-04-01,2026-04-14
296,435,41,116213.12,2026-09-18,2026-09-23
297,436,20,608856.0,2026-07-30,
298,437,40,267943.89,2026-05-14,2026-06-02
299,438,30,438856.32,2026-05-28,
300,439,24,101849.88,2026-10-25,
301,440,7,100242.67,2026-07-31,2026-08-13
302,441,33,460164.48,2026-04-18,2026-05-07
303,442,17,81818.18,2026-06-07,2026-06-13
304,443,11,289973.82,2026-03-13,2026-04-06
305,444,10,246413.28,2026-07-15,2026-07-18
306,445,50,481372.8,2026-05-11,2026-05-25
307,446,6,402749.76,2026-07-31,2026-08-08
308,447,40,635227.2,2026-07-20,2026-08-11
309,449,2,389747.19,2026-07-30,2026-08-05
310,450,30,255570.9,2026-04-15,2026-05-01
311,451,29,404992.32,2026-04-23,
312,452,18,106908.25,2026-04-30,2026-05-04
313,454,21,155622.16,2026-09-22,2026-09-28
314,455,22,110634.53,2026-05-20,2026-06-08
315,456,22,249494.7,2026-05-01,
316,457,41,364518.72,2026-11-09,
317,458,32,84528.53,2026-09-15,2026-09-28
318,459,19,88263.17,2026-02-20,
319,461,41,625979.52,2026-05-27,2026-06-03
320,464,20,423478.08,2026-05-04,2026-05-10
321,465,39,389789.76,2026-06-24,2026-07-16
322,466,17,87727.75,2026-07-02,2026-07-10
323,467,14,263753.25,2026-05-03,2026-05-08
324,469,49,587853.12,2026-09-10,2026-09-28
325,470,29,319915.92,2026-06-17,2026-07-07
326,471,20,83379.6,2026-05-30,2026-05-31
327,472,24,99631.06,2026-10-26,
328,473,15,222825.54,2026-05-31,
329,474,33,114861.08,2026-09-04,2026-09-10
330,475,18,133582.54,2026-10-06,
331,476,28,110790.71,2026-03-26,2026-03-31
332,477,19,490671.36,2026-09-06,2026-09-10
333,478,17,361038.0,2026-07-19,2026-07-22
334,479,49,263577.12,2026-03-30,2026-04-03
335,480,18,579748.8,2026-06-13,2026-06-27
336,481,4,175285.64,2026-02-10,2026-03-02
337,482,19,235749.72,2026-07-20,2026-08-01
338,484,5,171409.26,2026-02-19,2026-02-19
339,485,16,88850.08,2026-06-24,2026-07-04
340,486,9,219613.59,2026-10-03,
341,487,26,391266.24,2026-09-09,2026-09-28
342,488,37,235685.31,2026-09-16,2026-09-28
343,489,49,180389.42,2026-06-29,2026-07-08
344,491,44,412583.04,2026-06-08,2026-06-24
345,492,11,241574.36,2026-10-12,
346,494,29,250763.52,2026-08-31,
347,495,38,80827.71,2026-07-13,2026-07-26
348,496,38,399302.4,2026-05-17,2026-05-17
349,497,27,170253.3,2026-09-07,2026-09-07
350,498,13,203403.74,2026-11-05,
351,501,49,96501.95,2026-09-09,2026-09-14
352,502,47,79492.39,2026-07-11,2026-07-14
353,504,30,249794.52,2026-01-15,2026-01-29
354,505,6,84918.98,2026-07-24,2026-07-31
355,507,50,565849.92,2026-02-14,2026-03-10
356,508,3,546726.72,2026-10-22,
357,509,33,86313.39,2026-04-20,2026-05-10
358,510,48,336972.6,2026-09-24,2026-09-28
359,513,6,434483.52,2026-04-02,2026-04-23
360,515,47,109987.58,2026-03-02,2026-03-08
361,516,29,154650.12,2026-09-28,
362,517,49,418942.08,2026-11-02,
363,518,1,571023.36,2026-08-09,2026-08-25
364,519,31,236448.54,2026-07-19,
365,522,35,309770.49,2026-08-15,2026-09-06
366,523,46,258380.24,2026-07-24,2026-07-28
367,526,2,481894.08,2026-04-21,2026-05-08
368,528,38,452007.36,2026-08-11,2026-08-21
369,529,8,417402.24,2026-05-21,2026-05-21
370,530,43,166556.28,2026-10-25,
371,531,12,245733.84,2026-07-21,2026-08-07
372,533,11,410360.64,2026-05-20,2026-06-11
373,534,24,256602.6,2026-06-14,2026-06-29
374,535,23,91892.17,2026-07-01,2026-07-19
375,536,1,344922.39,2026-05-15,2026-06-06
376,537,29,295928.61,2026-09-13,2026-09-28
377,539,47,416081.28,2026-09-20,
378,541,45,620043.84,2026-06-17,2026-06-17
379,543,50,181054.8,2026-03-19,2026-03-27
380,544,19,109677.5,2026-08-09,2026-08-24
381,546,29,273923.19,2026-04-14,2026-04-16
382,547,3,243555.68,2026-05-27,2026-05-29
383,548,14,430192.32,2026-09-07,2026-09-16
384,550,9,418147.2,2026-10-29,
385,551,22,408824.64,2026-07-05,2026-07-13
386,552,39,124648.74,2026-07-03,2026-07-26
387,553,8,231230.19,2026-10-12,
388,554,25,591332.16,2026-05-01,
389,556,27,115906.46,2026-11-05,
390,557,13,588859.2,2026-10-10,
391,559,4,102290.49,2026-08-08,
392,560,49,405713.28,2026-10-12,
393,561,40,241532.37,2026-09-20,2026-09-28
394,562,43,81534.7,2026-08-18,
395,563,43,195743.7,2026-10-11,
396,564,10,118340.36,2026-06-11,
397,565,47,612018.24,2026-06-01,2026-06-02
398,566,30,110588.93,2026-06-02,
399,568,44,260915.79,2026-05-30,2026-06-13
400,569,29,316870.41,2026-09-27,2026-09-28
401,571,6,426047.04,2026-03-23,2026-03-28
402,572,6,85447.37,2026-10-09,
403,573,20,81383.65,2026-06-29,2026-07-13
404,575,26,244120.17,2026-06-19,
405,576,25,255329.22,2026-06-04,
406,577,13,76716.68,2026-07-03,
407,578,29,115780.49,2026-06-13,2026-06-29
408,579,32,358311.69,2026-04-02,2026-04-12
409,581,37,155967.58,2026-10-24,
410,583,46,404619.84,2026-07-27,2026-08-13
411,584,22,573569.28,2026-08-07,2026-08-31
412,585,47,163592.66,2026-06-29,2026-07-14
413,586,19,612220.8,2026-07-13,2026-07-30
414,588,21,271437.42,2026-08-30,2026-09-06
415,589,7,248531.02,2026-05-04,2026-05-07
416,591,45,361861.65,2026-08-20,2026-08-22
417,592,40,109383.38,2026-03-19,2026-03-21
418,593,12,516114.24,2026-09-15,2026-09-28
419,594,42,121752.38,2026-07-10,
420,595,4,365503.95,2026-07-23,2026-08-04
421,596,15,356654.13,2026-07-23,
422,597,36,233951.94,2026-07-15,
423,598,16,113420.12,2026-09-19,2026-09-20
424,599,37,246418.22,2026-08-03,2026-08-24
425,600,44,453470.4,2026-06-08,2026-06-18
426,601,4,105922.34,2026-09-05,2026-09-05
427,602,2,277905.21,2026-03-31,2026-04-03
428,603,48,379931.52,2026-06-27,2026-07-18
429,604,27,394579.2,2026-09-10,
430,607,22,259828.23,2026-08-21,2026-09-08
431,610,9,264704.01,2026-07-02,2026-07-10
432,611,32,314757.42,2026-08-26,
433,612,34,114223.44,2026-08-01,
434,615,40,451135.68,2026-06-02,2026-06-07
435,617,7,425583.36,2026-04-08,2026-04-27
436,618,3,424011.84,2026-03-12,
437,619,30,408880.32,2026-07-11,2026-07-23
438,620,24,264636.75,2026-06-14,
439,621,49,259670.91,2026-10-23,
440,622,27,89809.58,2026-06-23,2026-07-16
441,625,23,416728.32,2026-08-24,2026-08-28
442,626,7,362602.65,2026-04-16,2026-05-10
443,628,10,86786.3,2026-03-05,2026-03-11
444,630,18,161191.82,2026-09-27,2026-09-28
445,631,10,117333.55,2026-05-04,2026-05-10
446,633,26,587044.8,2026-09-19,2026-09-28
447,634,48,85775.69,2026-04-20,2026-04-20
448,635,10,176587.9,2026-05-13,2026-05-17
449,637,12,75676.24,2026-05-21,2026-06-02
450,638,41,111633.17,2026-07-27,2026-08-13
451,640,49,325295.01,2026-08-05,2026-08-29
452,641,13,85186.12,2026-09-10,2026-09-28
453,642,5,120103.56,2026-08-09,2026-09-01
454,644,33,238416.75,2026-09-10,2026-09-28
455,645,50,377071.53,2026-06-27,2026-07-16
456,646,44,120442.33,2026-08-18,
457,649,18,117883.98,2026-06-26,
458,650,22,114611.8,2026-04-08,2026-05-02
459,651,7,391570.56,2026-09-23,2026-09-28
460,652,22,303078.69,2026-10-11,
461,653,19,425547.84,2026-04-23,2026-04-24
462,654,2,162426.82,2026-08-30,2026-09-11
463,655,11,219101.92,2026-05-09,2026-05-24
464,656,27,121356.42,2026-07-07,
465,657,19,84810.68,2026-04-28,
466,662,3,414265.92,2026-05-28,2026-06-10
467,663,11,356368.56,2026-07-14,2026-07-30
468,667,27,471458.88,2026-09-05,2026-09-23
469,668,46,246338.61,2026-08-03,2026-08-25
470,670,3,267734.13,2026-05-23,2026-06-07
471,672,47,125913.76,2026-06-18,2026-07-01
472,673,39,82542.08,2026-08-04,2026-08-05
473,674,42,427167.36,2026-09-25,2026-09-28
474,675,46,248865.8,2026-05-19,2026-05-23
475,676,6,258513.24,2026-03-28,2026-04-06
476,678,3,242102.37,2026-10-22,
477,680,42,173935.12,2026-08-06,2026-08-08
478,681,47,253300.02,2026-05-11,2026-05-28
479,682,8,179884.78,2026-09-17,2026-09-24
480,685,4,157841.74,2026-09-04,2026-09-16
481,686,46,413112.0,2026-09-04,2026-09-12
482,687,44,195158.12,2026-09-15,2026-09-23
483,688,29,82095.77,2026-08-08,2026-08-17
484,691,40,367867.17,2026-09-04,2026-09-05
485,692,23,409591.68,2026-05-17,
486,694,4,220071.87,2026-09-16,
487,695,9,237545.79,2026-07-10,2026-07-13
488,697,15,377021.37,2026-05-21,
489,700,10,244794.48,2026-05-25,2026-05-28
490,701,26,496761.6,2026-09-23,2026-09-28
491,702,15,360927.42,2026-07-16,2026-08-01
492,703,10,371255.25,2026-07-04,2026-07-15
493,707,34,250621.78,2026-07-23,2026-08-11
494,709,7,414438.72,2026-06-04,2026-06-10
495,710,36,83466.43,2026-06-15,2026-06-28
496,711,28,220717.3,2026-03-30,
497,714,49,124879.97,2026-07-12,2026-07-24
498,715,31,368839.59,2026-05-17,
499,717,19,113146.14,2026-05-29,
500,719,32,242826.84,2026-07-24,2026-08-10
501,720,7,237578.28,2026-05-23,2026-06-11
502,721,47,396127.68,2026-08-02,2026-08-08
503,722,40,538696.32,2026-08-25,2026-08-31
504,723,16,421632.96,2026-09-08,
505,726,28,86921.96,2026-03-17,2026-03-23
506,727,49,165480.12,2026-10-27,
507,730,49,234523.08,2026-10-20,
508,731,22,210417.02,2026-03-20,2026-03-29
509,733,39,253048.65,2026-05-24,2026-06-04
510,734,25,117890.06,2026-08-22,2026-09-03
511,735,23,237647.25,2026-07-16,2026-07-29
512,736,23,376538.58,2026-04-09,2026-04-18
513,739,14,210653.76,2026-04-11,2026-05-05
514,740,19,311300.94,2026-02-18,2026-02-25
515,742,20,216989.88,2026-09-05,2026-09-15
516,743,6,281904.9,2026-04-18,2026-04-18
517,744,5,111343.23,2026-04-09,
518,745,37,310078.29,2026-09-07,2026-09-28
519,746,4,122895.61,2026-03-30,
520,747,29,88601.94,2026-08-22,2026-09-02
521,748,39,87967.15,2026-06-14,2026-06-17
522,749,37,157317.34,2026-10-26,
523,750,23,87353.26,2026-06-02,2026-06-18
524,752,47,158936.9,2026-08-02,2026-08-25
525,754,31,408901.44,2026-09-25,2026-09-28
526,755,5,416381.76,2026-07-01,2026-07-01
527,756,2,445489.92,2026-08-03,2026-08-25
528,757,16,100792.15,2026-10-23,
529,758,8,196729.42,2026-10-22,
530,760,11,245896.86,2026-08-15,2026-08-17
531,763,41,452989.44,2026-10-13,
532,764,11,434192.64,2026-04-15,2026-04-26
533,765,20,222316.34,2026-08-26,2026-09-01
534,768,47,182520.08,2026-04-13,
535,769,44,243707.68,2026-05-23,2026-05-27
536,774,3,231703.86,2026-05-16,2026-05-17
537,775,18,108767.4,2026-10-11,
538,776,8,421763.52,2026-07-11,2026-08-04
539,778,4,434804.16,2026-06-01,2026-06-03
540,780,10,107375.46,2026-03-17,
541,781,8,541443.84,2026-07-09,2026-07-13
542,782,29,223598.46,2026-09-26,2026-09-28
543,783,19,224879.82,2026-09-03,
544,784,46,169290.38,2026-07-12,2026-07-12
545,785,14,170129.8,2026-08-04,2026-08-10
546,786,27,197212.78,2026-11-03,
547,787,34,158092.54,2026-06-18,2026-06-18
548,788,32,268367.4,2026-07-04,2026-07-16
549,789,40,248424.24,2026-08-30,2026-09-14
550,790,11,86741.46,2026-08-03,2026-08-08
551,794,31,633552.0,2026-05-28,
552,795,33,243370.62,2026-09-09,2026-09-21
553,796,44,244304.85,2026-06-27,2026-07-14
554,797,32,453840.0,2026-05-06,2026-05-06
555,799,7,178985.7,2026-02-23,2026-03-03
556,800,18,311959.86,2026-03-26,2026-04-19
557,801,6,108500.07,2026-06-30,2026-07-08
558,802,5,242012.5,2026-08-28,2026-09-05
559,806,22,259454.88,2026-09-23,2026-09-28
560,807,32,158570.58,2026-10-05,
561,811,17,250487.64,2026-05-22,2026-05-31
562,812,39,153595.62,2026-07-23,2026-08-11
563,813,7,244071.72,2026-07-24,2026-07-24
564,817,31,86395.66,2026-05-24,2026-06-10
565,818,17,390925.44,2026-05-07,2026-05-16
566,819,10,247198.17,2026-08-02,2026-08-24
567,822,34,77816.78,2026-08-03,2026-08-21
568,824,22,82782.05,2026-05-07,2026-05-30
569,827,39,445928.64,2026-03-10,
570,828,37,410780.16,2026-07-07,2026-07-11
571,829,46,400453.44,2026-07-06,2026-07-28
572,831,36,78204.57,2026-08-07,2026-08-16
573,832,47,423480.96,2026-06-04,2026-06-24
574,833,39,575712.0,2026-08-29,2026-09-15
575,835,42,80457.4,2026-08-11,
576,836,6,265107.57,2026-04-07,2026-04-08
577,837,30,125094.29,2026-04-19,
578,838,25,105813.28,2026-10-12,
579,839,27,551665.92,2026-03-20,2026-03-22
580,840,26,240077.54,2026-08-30,
581,843,47,180824.9,2026-02-23,2026-02-28
582,846,50,78833.47,2026-10-12,
583,847,5,382959.63,2026-09-18,2026-09-28
584,848,25,454459.2,2026-07-10,
585,849,26,243287.4,2026-08-08,
586,850,24,428859.84,2026-04-19,2026-05-03
587,851,47,239087.26,2026-05-05,2026-05-11
588,857,13,283874.82,2026-03-09,2026-03-19
589,860,32,477779.52,2026-04-18,2026-05-01
590,862,3,182463.84,2026-03-12,2026-04-05
591,863,30,241840.74,2026-04-08,2026-04-30
592,864,50,456628.8,2026-06-29,2026-07-17
593,865,1,120837.53,2026-07-09,2026-07-29
594,867,25,386951.04,2026-06-10,2026-06-30
595,868,45,181666.98,2026-07-27,
596,869,15,589559.04,2026-05-01,2026-05-21
597,870,24,243555.87,2026-05-09,2026-05-10
598,871,36,401779.2,2026-08-07,2026-08-07
599,872,4,325081.83,2026-07-27,2026-08-07
600,873,41,458946.24,2026-04-16,2026-04-17
601,874,42,415083.84,2026-07-04,2026-07-12
602,875,36,103856.66,2026-06-01,2026-06-05
603,877,38,251814.6,2026-06-30,2026-07-23
604,878,40,80581.09,2026-10-02,
605,879,46,115429.75,2026-09-13,2026-09-14
606,880,22,229446.28,2026-05-28,2026-06-12
607,883,10,464948.16,2026-05-15,
608,884,43,181160.82,2026-05-03,2026-05-11
609,889,22,83869.23,2026-08-09,2026-08-31
610,891,39,173139.02,2026-05-14,2026-06-07
611,893,47,335809.8,2026-05-21,2026-06-14
612,894,49,234315.6,2026-10-16,
613,895,36,560490.24,2026-07-05,2026-07-16
614,897,30,576103.68,2026-07-07,2026-07-26
615,898,22,157196.88,2026-09-11,
616,900,41,84013.82,2026-04-11,2026-04-23
617,901,19,176490.62,2026-07-04,2026-07-12
618,905,25,553112.64,2026-09-02,2026-09-12
619,906,23,97861.78,2026-09-03,2026-09-20
620,907,27,225522.78,2026-07-13,2026-07-13
621,908,11,413868.48,2026-08-03,2026-08-22
622,910,38,160427.26,2026-07-09,2026-07-27
623,911,18,437653.44,2026-09-04,
624,913,20,432004.8,2026-09-18,2026-09-28
625,914,10,270108.75,2026-09-01,2026-09-14
626,916,32,372486.72,2026-08-23,2026-08-30
627,917,6,608611.2,2026-06-27,2026-07-08
628,918,38,79434.44,2026-10-09,
629,919,12,296362.38,2026-09-06,2026-09-11
630,922,14,206748.5,2026-05-24,2026-06-08
631,923,29,335234.1,2026-09-12,2026-09-27
632,925,5,569942.4,2026-10-13,
633,927,41,254883.48,2026-08-25,2026-09-05
634,929,15,581449.92,2026-06-07,2026-06-22
635,930,10,83918.63,2026-07-24,2026-08-05
636,931,20,249438.27,2026-08-30,2026-09-09
637,936,45,470159.04,2026-08-09,2026-09-01
638,937,37,494144.64,2026-09-05,2026-09-26
639,938,39,423506.88,2026-09-15,
640,941,42,87582.4,2026-06-21,2026-07-08
641,942,9,300745.68,2026-03-15,2026-04-04
642,943,38,89318.43,2026-05-08,2026-05-10
643,944,18,311660.04,2026-09-28,
644,947,41,388278.72,2026-11-04,
645,948,8,86785.92,2026-03-04,2026-03-05
646,949,20,553857.6,2026-05-15,2026-05-23
647,950,14,240642.6,2026-06-07,2026-06-26
648,951,13,376949.55,2026-05-21,
649,952,16,409983.36,2026-10-14,
650,953,20,237428.37,2026-08-28,2026-09-12
651,954,7,176326.08,2026-04-23,2026-04-24
652,955,36,365602.56,2026-04-03,
653,956,28,252582.39,2026-05-26,2026-06-15
654,957,42,546789.12,2026-06-07,2026-06-25
655,959,8,303995.82,2026-10-04,
656,960,4,272458.86,2026-04-03,2026-04-06
657,961,22,100014.67,2026-10-18,
658,962,25,117813.3,2026-05-02,2026-05-23
659,963,13,78825.68,2026-08-27,2026-09-15
660,964,40,243881.34,2026-10-21,
661,966,38,405693.12,2026-07-26,2026-07-28
662,968,41,80192.54,2026-11-08,
663,969,11,77543.56,2026-05-06,2026-05-29
664,972,42,86191.6,2026-03-04,2026-03-17
665,973,14,117249.38,2026-06-27,2026-07-16
666,974,13,127143.63,2026-10-13,
667,976,19,562758.72,2026-06-25,2026-06-25
668,977,10,247842.27,2026-07-16,2026-07-26
669,978,9,168875.8,2026-06-25,2026-07-01
670,980,24,250162.36,2026-09-15,2026-09-17
671,981,18,356318.4,2026-10-02,
672,984,13,427727.04,2026-05-12,2026-06-04
673,985,46,123371.56,2026-07-17,
674,986,38,156921.38,2026-07-15,2026-07-23
675,987,9,119346.22,2026-05-03,2026-05-19
676,988,16,346394.13,2026-07-13,2026-07-20
677,990,14,227618.86,2026-09-16,2026-09-18
678,991,19,104594.62,2026-05-06,2026-05-10
679,992,7,80523.14,2026-08-09,2026-08-09
680,993,1,208424.3,2026-03-20,2026-04-13
681,995,36,80607.12,2026-09-02,
682,997,44,165236.54,2026-07-20,
683,1000,12,236606.24,2026-06-02,2026-06-19
684,1002,39,351117.72,2026-04-19,2026-04-27
685,1003,3,407101.44,2026-03-15,2026-04-07
686,1005,19,254732.43,2026-07-31,2026-08-06
687,1006,25,246379.65,2026-09-20,
688,1008,33,79415.82,2026-04-29,2026-05-19
689,1009,2,221649.44,2026-10-16,
690,1011,32,233011.44,2026-10-18,
691,1012,50,484738.56,2026-05-20,2026-06-03
692,1014,31,95290.89,2026-09-26,2026-09-28
693,1015,23,76580.64,2026-09-03,2026-09-10
694,1018,46,533720.64,2026-10-19,
695,1019,26,101075.63,2026-07-02,2026-07-24
696,1020,40,107832.79,2026-05-08,2026-05-26
697,1021,18,365140.29,2026-07-15,2026-07-18
698,1023,39,568767.36,2026-07-27,2026-07-29
699,1024,5,600574.08,2026-08-03,2026-08-06
700,1025,36,83327.16,2026-05-21,2026-06-07
701,1027,30,238091.28,2026-07-04,2026-07-13
702,1029,24,620049.6,2026-06-20,2026-07-14
703,1030,25,309926.67,2026-06-29,2026-06-29
704,1033,23,83797.6,2026-04-13,2026-04-22
705,1035,39,642072.0,2026-08-06,
706,1036,28,120406.23,2026-08-20,2026-09-11
707,1038,42,237397.78,2026-05-09,
708,1039,50,243738.84,2026-06-24,2026-07-04
709,1040,6,437936.64,2026-08-27,2026-09-17
710,1044,40,431952.0,2026-05-25,2026-06-18
711,1045,4,410080.32,2026-06-01,2026-06-23
712,1046,43,122117.18,2026-07-11,
713,1048,50,236345.18,2026-06-28,2026-07-02
714,1049,34,338194.68,2026-06-07,2026-06-09
715,1050,44,124411.62,2026-06-16,2026-06-26
716,1051,6,331002.42,2026-08-18,2026-08-29
717,1052,45,242667.24,2026-06-03,2026-06-15
718,1053,9,398053.23,2026-08-16,
719,1054,16,423455.04,2026-08-19,2026-09-04
720,1055,7,606176.64,2026-08-21,2026-08-30
721,1057,38,275804.19,2026-04-11,2026-04-13
722,1058,14,644393.28,2026-05-08,2026-05-30
723,1059,42,372216.84,2026-05-13,2026-05-21
724,1060,31,243982.23,2026-05-23,
725,1061,32,313022.34,2026-10-16,
726,1062,47,429593.28,2026-02-16,2026-03-11
727,1064,18,245129.07,2026-07-27,
728,1067,31,90934.95,2026-05-30,2026-06-01
729,1068,15,233541.54,2026-06-05,
730,1069,11,92296.11,2026-03-20,2026-04-05
731,1070,9,405079.68,2026-07-15,2026-08-06
732,1071,12,432589.44,2026-08-27,2026-09-20
733,1073,38,400215.36,2026-06-23,2026-07-11
734,1074,3,250142.98,2026-04-10,2026-04-26
735,1075,32,528991.68,2026-10-13,
736,1076,48,250203.78,2026-07-13,2026-08-04
737,1077,39,122900.36,2026-07-17,2026-08-09
738,1079,3,181008.44,2026-06-23,2026-07-17
739,1080,42,127125.96,2026-08-09,2026-09-01
740,1082,35,554982.72,2026-08-11,2026-08-27
741,1083,34,414716.16,2026-06-07,2026-06-30
742,1084,10,215358.92,2026-02-25,2026-03-16
743,1086,9,84427.45,2026-10-04,
744,1087,12,373658.88,2026-09-05,2026-09-05
745,1088,41,254329.44,2026-09-08,2026-09-28
746,1089,49,78761.27,2026-08-20,2026-08-30
747,1090,14,216600.76,2026-08-15,2026-09-05
748,1091,47,209439.66,2026-03-20,2026-03-27
749,1092,46,369423.27,2026-10-12,
750,1095,15,226765.38,2026-09-21,2026-09-28
751,1096,34,426224.64,2026-04-01,2026-04-14
752,1097,50,161962.84,2026-08-09,2026-08-25
753,1098,41,274427.07,2026-04-24,2026-05-02
754,1099,22,166654.7,2026-08-11,2026-08-26
755,1100,12,252625.14,2026-06-10,2026-06-22
756,1101,49,247972.23,2026-08-24,2026-09-16
757,1102,14,169894.2,2026-07-06,2026-07-18
758,1105,29,421262.4,2026-07-12,2026-07-14
759,1106,14,116615.92,2026-08-07,2026-08-25
760,1107,1,370317.6,2026-10-09,
761,1108,22,83901.15,2026-09-26,2026-09-28
762,1109,50,105013.95,2026-10-08,
763,1110,22,644283.84,2026-06-15,2026-07-09
764,1111,35,110410.14,2026-07-14,2026-07-22
765,1114,39,163433.44,2026-09-09,2026-09-28
766,1115,31,129998.95,2026-04-17,
767,1117,29,314044.35,2026-06-05,
768,1118,19,227570.6,2026-04-25,2026-05-03
769,1119,37,530700.48,2026-09-15,2026-09-28
770,1120,42,236922.4,2026-08-24,2026-09-10
771,1121,43,254739.27,2026-05-15,
772,1124,1,78607.75,2026-10-23,
773,1126,29,338878.68,2026-06-01,2026-06-04
774,1127,19,269196.18,2026-02-08,2026-02-28
775,1128,50,156110.46,2026-09-13,2026-09-16
776,1129,45,257298.57,2026-01-18,2026-01-22
777,1131,11,150137.62,2026-06-10,2026-06-22
778,1132,11,115992.53,2026-09-12,2026-09-16
779,1135,37,446569.92,2026-08-10,2026-08-11
780,1136,41,260517.93,2026-06-24,2026-06-25
781,1138,5,424321.92,2026-06-11,2026-06-18
782,1139,8,321464.61,2026-04-20,2026-05-02
783,1141,17,259419.54,2026-02-11,
784,1142,38,258855.24,2026-08-30,2026-09-02
785,1143,8,166291.42,2026-09-13,
786,1144,19,381476.16,2026-06-10,2026-06-17
787,1145,12,595311.36,2026-08-01,2026-08-19
788,1146,10,242085.46,2026-06-13,2026-07-04
789,1149,29,115556.48,2026-06-10,2026-06-10
790,1150,21,203412.1,2026-09-28,
791,1152,24,169248.58,2026-10-04,
792,1153,38,83395.18,2026-07-07,2026-07-27
793,1155,27,267927.93,2026-04-02,2026-04-13
794,1159,7,262248.45,2026-05-12,2026-05-12
795,1161,9,500556.48,2026-09-26,2026-09-28
796,1162,21,84859.51,2026-08-27,2026-09-10
797,1163,33,437855.04,2026-08-28,2026-08-28
798,1164,21,143280.52,2026-10-25,
799,1166,47,232299.51,2026-04-01,2026-04-06
800,1167,4,114494.95,2026-06-13,2026-06-22
801,1170,37,89013.29,2026-08-11,2026-08-22
802,1172,38,101085.7,2026-09-10,2026-09-20
803,1174,5,120322.82,2026-04-03,2026-04-24
804,1175,21,78581.72,2026-08-25,2026-09-17
805,1176,24,163728.32,2026-04-10,2026-04-26
806,1180,10,154571.08,2026-06-22,2026-07-07
807,1181,21,271740.09,2026-05-06,2026-05-27
808,1182,24,519014.4,2026-10-07,
809,1183,12,248434.5,2026-05-06,2026-05-19
810,1184,15,441110.4,2026-06-19,2026-07-05
811,1185,10,84063.41,2026-04-28,2026-05-05
812,1187,11,434113.92,2026-03-17,2026-04-09
813,1188,46,208582.76,2026-08-02,2026-08-07
814,1189,27,419851.2,2026-11-08,
815,1191,32,87213.99,2026-03-18,2026-03-26
816,1192,14,463751.04,2026-05-11,2026-05-31
817,1194,14,553663.68,2026-08-11,2026-08-20
818,1195,6,161653.9,2026-07-13,2026-07-18
819,1196,13,119067.11,2026-07-29,2026-08-19
820,1198,7,80846.14,2026-09-07,2026-09-10
821,1199,2,232644.36,2026-09-09,2026-09-12
822,1200,48,163543.26,2026-10-22,
823,1201,26,554220.48,2026-05-07,2026-05-15
824,1202,21,388379.52,2026-10-28,
825,1203,47,150664.68,2026-06-06,2026-06-16
826,1204,12,463042.56,2026-02-01,2026-02-19
827,1205,21,81609.37,2026-06-29,2026-07-17
828,1206,43,78164.48,2026-04-21,2026-04-23
829,1209,13,172733.18,2026-07-04,
830,1210,2,82693.13,2026-07-27,2026-08-11
831,1211,5,155382.76,2026-06-14,2026-06-30
832,1212,9,259315.8,2026-08-24,2026-09-08
833,1213,40,612033.6,2026-08-08,2026-08-16
834,1215,22,158194.0,2026-09-26,2026-09-28
835,1216,40,237033.36,2026-09-15,2026-09-16
836,1218,11,102643.89,2026-11-03,
837,1220,46,322420.5,2026-09-29,
838,1221,31,107854.07,2026-02-17,2026-03-06
839,1222,43,154802.12,2026-06-10,2026-06-20
840,1223,13,257179.44,2026-05-12,2026-05-21
841,1224,43,424514.88,2026-10-02,
842,1225,4,404700.48,2026-05-12,2026-05-16
843,1226,12,204366.66,2026-04-07,2026-04-12
844,1228,3,440391.36,2026-05-18,2026-06-02
845,1229,43,228359.67,2026-07-13,2026-07-26
846,1230,44,180249.96,2026-06-27,2026-07-09
847,1231,28,307076.1,2026-02-14,2026-02-25
848,1232,16,110846.19,2026-08-09,2026-08-10
849,1233,5,167279.8,2026-09-14,2026-09-28
850,1234,31,168116.18,2026-05-08,2026-05-31
851,1235,27,424555.2,2026-06-25,2026-07-01
852,1237,31,573768.96,2026-07-12,2026-07-19
853,1238,7,173777.42,2026-07-16,
854,1240,40,251533.02,2026-10-15,
855,1241,8,345109.92,2026-09-05,2026-09-07
856,1242,47,107600.8,2026-05-28,2026-06-19
857,1243,6,88722.21,2026-08-26,2026-08-30
858,1245,49,174384.28,2026-03-04,
859,1246,23,124843.49,2026-06-22,2026-07-14
860,1248,44,80140.48,2026-05-28,2026-06-15
861,1249,10,503087.04,2026-07-18,2026-07-24
862,1250,27,512280.0,2026-09-18,2026-09-21
863,1251,50,260018.61,2026-03-23,2026-04-09
864,1252,38,434753.28,2026-05-14,
865,1253,3,435804.48,2026-09-01,2026-09-25
866,1254,42,81932.56,2026-10-07,
867,1255,9,175513.64,2026-06-26,2026-06-26
868,1257,32,226499.76,2026-08-25,2026-08-31
869,1258,15,257917.59,2026-08-05,2026-08-23
870,1259,22,595123.2,2026-04-09,2026-04-26
871,1260,6,429802.56,2026-08-25,2026-09-12
872,1261,50,173998.96,2026-06-21,2026-06-26
873,1263,16,85342.49,2026-07-28,
874,1265,34,172241.84,2026-06-07,2026-06-12
875,1267,26,174471.68,2026-05-31,2026-06-17
876,1268,30,623684.16,2026-05-27,2026-05-27
877,1270,20,314930.7,2026-03-21,
878,1272,40,175103.24,2026-09-04,2026-09-11
879,1276,13,384915.87,2026-09-29,
880,1277,39,428988.48,2026-10-13,
881,1278,37,432389.76,2026-05-23,
882,1280,34,159273.96,2026-06-19,2026-07-08
883,1285,17,80192.73,2026-05-06,2026-05-10
884,1286,40,179524.54,2026-06-03,2026-06-17
885,1287,23,115235.19,2026-08-14,
886,1288,49,267746.1,2026-06-04,2026-06-08
887,1289,1,428512.32,2026-08-19,2026-09-05
888,1291,41,210748.38,2026-10-24,
889,1292,46,614531.52,2026-05-13,2026-05-28
890,1295,20,458450.88,2026-04-30,
891,1297,18,427500.48,2026-03-24,2026-03-29
892,1298,32,163323.62,2026-05-15,2026-05-25
893,1299,33,168085.02,2026-07-26,2026-07-29
894,1300,24,84493.0,2026-07-18,
895,1302,50,172143.04,2026-08-27,2026-09-02
896,1303,12,398312.64,2026-04-27,2026-05-14
897,1304,5,102412.09,2026-03-20,2026-03-23
898,1305,30,309176.55,2026-07-05,2026-07-21
899,1306,21,173580.96,2026-05-22,2026-05-27
900,1307,31,167702.74,2026-04-05,2026-04-12
901,1309,5,82988.96,2026-09-11,2026-09-21
902,1310,15,162760.46,2026-07-07,
903,1311,26,177575.14,2026-07-04,2026-07-07
904,1312,40,620202.24,2026-04-22,2026-05-10
905,1313,31,208842.68,2026-05-12,2026-05-20
906,1314,20,85378.59,2026-08-01,2026-08-15
907,1315,31,156064.48,2026-08-11,2026-08-27
908,1316,49,326283.39,2026-05-11,2026-05-26
909,1317,25,166474.2,2026-05-22,2026-06-06
910,1318,45,623199.36,2026-05-23,
911,1319,39,168249.94,2026-08-31,2026-09-15
912,1321,13,82919.8,2026-08-27,
913,1323,11,622005.12,2026-10-29,
914,1324,17,181143.72,2026-06-21,2026-07-11
915,1325,12,220783.42,2026-09-03,
916,1326,31,257952.93,2026-03-10,
917,1329,47,177327.0,2026-05-03,2026-05-23
918,1331,48,249841.64,2026-05-23,2026-05-28
919,1332,2,150860.0,2026-08-21,2026-08-26
920,1333,23,99784.39,2026-10-25,
921,1335,46,228547.77,2026-10-25,
922,1337,17,626718.72,2026-04-19,2026-05-04
923,1338,29,316015.41,2026-05-26,2026-06-07
924,1339,31,421295.04,2026-01-09,2026-01-16
925,1340,25,119008.02,2026-04-22,
926,1341,24,614801.28,2026-06-08,2026-06-25
927,1342,3,174532.86,2026-04-30,2026-05-02
928,1343,23,246749.58,2026-04-29,2026-05-16
929,1344,18,561109.44,2026-08-19,2026-09-10
930,1345,41,235239.76,2026-03-25,2026-04-05
931,1347,38,104896.15,2026-07-28,
932,1348,2,266326.23,2026-04-13,2026-04-26
933,1349,43,524532.48,2026-10-15,
934,1352,48,155361.86,2026-09-24,2026-09-28
935,1353,44,166038.72,2026-08-09,2026-08-18
936,1354,3,455514.24,2026-06-29,2026-07-10
937,1356,38,245574.62,2026-06-06,2026-06-06
938,1357,27,256987.35,2026-06-23,2026-07-14
939,1358,13,88955.15,2026-06-14,2026-06-22
940,1359,27,420822.72,2026-05-17,
941,1361,12,156292.48,2026-07-02,2026-07-21
942,1362,38,325226.61,2026-04-29,2026-05-23
943,1363,37,527700.48,2026-03-09,2026-03-21
944,1364,45,241297.53,2026-07-16,
945,1365,15,112853.54,2026-03-05,2026-03-29
946,1366,11,117940.41,2026-07-04,2026-07-09
947,1368,27,107899.1,2026-06-19,2026-06-25
948,1371,40,236012.49,2026-10-15,
949,1372,13,78093.04,2026-08-21,
950,1374,12,113819.12,2026-05-28,
951,1375,21,227269.26,2026-06-02,2026-06-19
952,1376,2,441510.72,2026-07-18,2026-07-24
953,1378,48,218382.2,2026-05-09,
954,1379,23,251228.07,2026-09-25,2026-09-28
955,1380,36,78470.76,2026-06-17,2026-07-09
956,1381,6,84106.54,2026-08-24,
957,1385,47,267754.08,2026-03-01,2026-03-06
958,1386,27,254787.72,2026-03-17,2026-03-31
959,1387,6,173815.42,2026-08-31,2026-09-23
960,1388,24,434308.8,2026-03-31,2026-04-01
961,1390,23,103341.19,2026-03-03,2026-03-23
962,1393,16,120468.36,2026-07-26,2026-08-06
963,1394,11,243591.21,2026-09-04,2026-09-27
964,1396,45,228125.78,2026-04-09,2026-04-14
965,1397,42,81344.7,2026-10-21,
966,1398,41,162417.32,2026-08-02,
967,1399,3,368684.16,2026-10-24,
968,1402,29,330483.15,2026-05-31,2026-06-02
969,1403,7,207221.98,2026-08-25,2026-09-03
970,1405,14,341364.45,2026-05-18,2026-06-01
971,1406,49,408700.8,2026-11-04,
972,1411,42,251708.58,2026-07-07,2026-07-19
973,1413,42,417183.36,2026-11-09,
974,1414,9,287366.07,2026-05-23,2026-06-06
975,1415,15,211591.22,2026-07-17,2026-08-02
976,1416,11,405010.56,2026-08-26,2026-09-18
977,1417,7,396318.72,2026-09-27,2026-09-28
978,1418,5,280707.33,2026-06-14,2026-06-22
979,1419,10,88545.7,2026-04-07,2026-04-14
980,1420,7,171644.86,2026-07-17,2026-08-04
981,1421,20,237837.06,2026-07-22,2026-08-04
982,1423,4,323499.51,2026-03-24,2026-04-04
983,1425,5,91801.16,2026-04-16,2026-05-03
984,1426,4,237114.87,2026-07-29,2026-08-14
985,1427,2,331631.7,2026-08-28,2026-09-19
986,1429,27,253977.75,2026-04-13,2026-04-22
987,1430,42,366443.31,2026-06-18,2026-07-06
988,1431,37,123315.32,2026-04-07,2026-04-12
989,1432,30,362745.15,2026-04-19,2026-05-12
990,1434,39,160895.04,2026-06-09,
991,1435,2,270789.9,2026-07-03,2026-07-21
992,1437,21,86963.76,2026-06-20,2026-06-22
993,1438,45,247395.96,2026-09-05,2026-09-27
994,1441,22,464442.24,2026-08-30,2026-09-22
995,1443,47,245373.6,2026-06-05,2026-06-25
996,1444,36,152178.6,2026-07-22,2026-08-10
997,1445,21,238738.42,2026-07-25,2026-08-05
998,1446,23,84840.7,2026-07-07,2026-07-13
999,1448,18,162454.56,2026-08-16,2026-09-09
1000,1449,9,557863.68,2026-03-27,2026-04-09
1001,1451,4,243415.08,2026-09-23,2026-09-28
1002,1452,9,178619.76,2026-04-24,2026-05-11
1003,1453,22,347662.38,2026-06-02,2026-06-19
1004,1454,40,567208.32,2026-02-12,2026-02-20
1005,1456,14,570782.4,2026-09-17,2026-09-27
1006,1458,8,351712.8,2026-04-28,2026-05-08
1007,1459,38,245570.82,2026-08-05,
1008,1460,13,596478.72,2026-10-09,
1009,1462,43,606607.68,2026-07-21,2026-07-25
1010,1463,35,82943.17,2026-05-01,2026-05-06
1011,1464,17,166570.34,2026-05-05,2026-05-06
1012,1465,48,310440.24,2026-06-01,
1013,1466,35,240547.41,2026-04-17,2026-05-03
1014,1467,33,240193.44,2026-05-14,2026-05-19
1015,1468,43,82814.16,2026-07-05,2026-07-22
1016,1469,45,85698.93,2026-01-04,2026-01-04
1017,1470,4,237053.31,2026-07-03,2026-07-24
1018,1471,45,163515.14,2026-05-01,2026-05-18
1019,1472,39,170325.88,2026-04-27,2026-05-14
1020,1474,16,121361.17,2026-06-05,2026-06-22
1021,1479,33,255813.72,2026-02-03,2026-02-11
1022,1480,46,246050.38,2026-06-20,2026-07-14
1023,1482,15,80440.87,2026-07-30,2026-08-17
1024,1483,50,412029.12,2026-06-08,2026-06-12
1025,1484,29,83861.82,2026-09-03,2026-09-26
1026,1485,13,165198.92,2026-09-14,2026-09-28
1027,1486,15,221319.6,2026-05-04,2026-05-11
1028,1487,17,245709.33,2026-06-16,2026-07-09
1029,1488,28,599064.96,2026-08-09,2026-08-15
1030,1489,15,259294.71,2026-06-11,2026-06-27
1031,1490,32,448662.72,2026-10-01,
1032,1491,23,252777.9,2026-03-28,2026-04-21
1033,1492,31,169551.06,2026-07-13,2026-07-27
1034,1493,8,130788.78,2026-05-02,2026-05-26
1035,1494,32,80539.67,2026-06-30,2026-07-07
1036,1495,47,226450.74,2026-07-02,
1037,1496,7,117676.88,2026-05-24,2026-05-30
1038,1497,17,146388.16,2026-05-07,2026-05-31
1039,1498,35,174248.24,2026-08-15,2026-09-03
1040,1499,31,167043.06,2026-07-08,2026-07-23
1041,1500,34,415746.24,2026-08-04,
1042,1501,28,530440.32,2026-08-23,
1043,1502,35,247067.07,2026-08-06,2026-08-09
1044,1503,31,104209.3,2026-02-08,
1045,1504,4,235253.06,2026-07-23,2026-08-01
1046,1505,38,248692.14,2026-08-03,
1047,1506,23,347904.06,2026-04-22,2026-05-14
1048,1507,3,158395.02,2026-09-16,2026-09-18
1049,1509,22,163536.04,2026-11-08,
1050,1510,5,362249.82,2026-05-10,2026-05-17
1051,1511,50,126090.84,2026-06-30,2026-07-02
1052,1512,12,367337.64,2026-07-12,2026-07-18
1053,1513,17,85441.48,2026-07-03,2026-07-16
1054,1515,42,440137.92,2026-07-20,2026-08-10
1055,1516,38,356079.0,2026-07-18,2026-08-04
1056,1517,39,168347.98,2026-07-15,2026-07-20
1057,1518,12,408554.88,2026-04-05,2026-04-12
1058,1519,43,238644.18,2026-09-16,2026-09-23
1059,1520,42,179383.94,2026-09-02,2026-09-20
1060,1521,24,84723.85,2026-07-16,2026-07-28
1061,1522,28,123225.83,2026-03-14,2026-03-14
1062,1524,39,97142.63,2026-10-31,
1063,1525,49,264914.91,2026-10-04,
1064,1527,28,512339.52,2026-09-17,2026-09-28
1065,1530,31,298234.83,2026-08-31,2026-09-12
1066,1531,37,239312.6,2026-07-18,2026-07-30
1067,1532,47,227333.1,2026-07-16,2026-08-04
1068,1533,47,156739.74,2026-09-02,2026-09-06
1069,1534,25,239701.72,2026-03-20,2026-03-20
1070,1535,48,161256.42,2026-07-11,
1071,1536,27,377524.68,2026-08-10,2026-08-15
1072,1538,31,315030.45,2026-09-08,2026-09-27
1073,1539,50,380216.64,2026-10-19,
1074,1540,37,154033.76,2026-09-15,2026-09-28
1075,1541,7,238395.28,2026-09-27,2026-09-28
1076,1543,21,556712.64,2026-07-28,2026-08-08
1077,1544,26,122324.66,2026-08-10,2026-08-16
1078,1545,34,422743.68,2026-07-19,2026-07-27
1079,1546,25,156108.94,2026-10-04,
1080,1547,26,398480.64,2026-10-11,
1081,1548,47,434840.64,2026-07-21,2026-08-05
1082,1549,17,427994.88,2026-06-12,2026-07-01
1083,1550,25,621492.48,2026-06-29,2026-07-06
1084,1551,28,86966.23,2026-08-05,2026-08-22
1085,1552,24,242004.33,2026-08-30,2026-09-07
1086,1553,49,89349.78,2026-06-26,2026-07-07
1087,1555,26,87313.55,2026-04-24,2026-05-10
1088,1556,23,317580.06,2026-08-22,2026-09-15
1089,1557,30,250878.66,2026-08-06,2026-08-19
1090,1558,10,353292.84,2026-06-13,2026-06-30
1091,1559,22,111063.93,2026-09-10,
1092,1560,11,255911.76,2026-07-19,2026-07-29
1093,1563,30,489338.88,2026-03-01,2026-03-24
1094,1564,1,86818.98,2026-06-04,2026-06-28
1095,1565,33,207329.52,2026-05-14,2026-05-21
1096,1566,22,120096.53,2026-10-13,
1097,1567,19,417796.8,2026-04-09,2026-04-20
1098,1568,39,78460.69,2026-07-27,2026-08-14
1099,1571,36,79199.79,2026-08-17,2026-08-29
1100,1573,11,211712.82,2026-05-29,2026-06-17
1101,1575,49,249073.47,2026-07-08,2026-07-29
1102,1576,8,162398.32,2026-10-06,
1103,1577,6,333855.27,2026-06-11,2026-06-28
1104,1578,48,172255.52,2026-07-27,2026-08-08
1105,1580,9,160893.9,2026-08-10,2026-08-29
1106,1582,32,202036.12,2026-04-18,2026-04-22
1107,1583,10,228900.03,2026-06-06,2026-06-24
1108,1584,17,114533.14,2026-02-24,2026-03-10
1109,1585,20,84503.07,2026-07-17,2026-07-28
1110,1587,16,154632.26,2026-08-26,2026-09-04
1111,1589,15,268888.38,2026-01-23,2026-02-09
1112,1590,38,394187.52,2026-04-28,2026-05-06
1113,1591,8,118552.97,2026-06-26,2026-06-26
1114,1592,12,85976.9,2026-04-21,2026-05-14
1115,1593,13,174982.78,2026-04-23,2026-05-04
1116,1594,46,252091.05,2026-06-15,2026-06-19
1117,1597,8,170445.58,2026-03-24,2026-03-29
1118,1599,25,442687.68,2026-10-16,
1119,1601,18,82134.91,2026-09-11,2026-09-19
1120,1602,50,448644.48,2026-05-13,2026-05-20
1121,1603,41,268238.01,2026-04-13,2026-04-25
1122,1604,12,236083.74,2026-08-12,2026-08-12
1123,1605,37,260957.97,2026-08-25,2026-09-08
1124,1606,15,245727.0,2026-07-19,2026-07-20
1125,1607,18,334400.19,2026-10-09,
1126,1608,13,120328.33,2026-07-27,
1127,1609,35,286751.04,2026-06-02,2026-06-07
1128,1610,14,159949.22,2026-10-27,
1129,1611,32,409084.8,2026-08-25,2026-08-29
1130,1612,30,247640.49,2026-06-30,
1131,1613,38,84603.01,2026-07-11,2026-07-14
1132,1616,50,173851.9,2026-07-05,2026-07-21
1133,1617,6,624956.16,2026-08-05,2026-08-29
1134,1618,27,424122.24,2026-06-26,2026-07-08
1135,1619,18,432198.72,2026-05-30,2026-06-01
1136,1620,32,355164.15,2026-06-25,2026-06-26
1137,1621,37,597927.36,2026-08-30,2026-09-19
1138,1622,43,87040.33,2026-11-07,
1139,1624,47,177377.16,2026-03-21,
1140,1625,17,174628.24,2026-07-03,
1141,1626,11,126647.92,2026-08-24,2026-09-09
1142,1631,12,160996.88,2026-07-17,2026-07-18
1143,1632,16,163827.5,2026-09-01,2026-09-23
1144,1633,47,362070.84,2026-06-16,2026-06-21
1145,1634,22,114025.84,2026-09-17,2026-09-18
1146,1635,13,255464.88,2026-06-30,2026-07-17
1147,1637,23,113637.86,2026-09-28,
1148,1642,40,245195.19,2026-10-04,
1149,1643,49,448963.2,2026-09-26,2026-09-26
1150,1644,14,81880.31,2026-09-21,2026-09-28
1151,1645,2,247039.14,2026-11-10,
1152,1648,28,158270.0,2026-05-10,2026-05-28
1153,1649,5,547493.76,2026-05-21,2026-06-13
1154,1652,26,78149.09,2026-10-13,
1155,1653,29,519685.44,2026-09-25,2026-09-28
1156,1654,32,218748.9,2026-10-22,
1157,1655,21,577271.04,2026-09-18,2026-09-28
1158,1656,21,378455.49,2026-08-14,2026-08-14
1159,1657,34,259894.92,2026-07-27,2026-07-30
1160,1658,38,217146.82,2026-05-21,2026-06-06
1161,1659,41,275203.41,2026-10-22,
1162,1660,17,606221.76,2026-09-26,2026-09-28
1163,1664,7,112153.2,2026-08-13,2026-08-29
1164,1665,22,79875.05,2026-10-01,
1165,1667,27,429588.48,2026-06-09,2026-07-02
1166,1668,43,230181.2,2026-07-25,2026-08-18
1167,1669,50,270060.87,2026-05-02,2026-05-02
1168,1672,12,100217.59,2026-01-26,2026-01-30
1169,1673,6,453732.48,2026-04-23,2026-05-15
1170,1674,38,232154.92,2026-06-12,
1171,1675,50,207091.26,2026-09-23,2026-09-28
1172,1676,28,233592.46,2026-08-25,2026-09-17
1173,1677,9,363487.86,2026-10-17,
1174,1678,2,184084.92,2026-07-05,
1175,1679,49,256750.8,2026-09-04,2026-09-04
1176,1681,6,122943.87,2026-08-23,2026-09-01
1177,1682,9,167689.44,2026-04-29,
1178,1686,14,252256.35,2026-05-12,2026-05-14
1179,1687,35,247277.4,2026-09-06,2026-09-19
1180,1688,4,630606.72,2026-06-10,2026-06-20
1181,1689,1,263537.79,2026-03-26,
1182,1691,47,329186.4,2026-08-28,2026-09-21
1183,1692,30,175767.86,2026-04-22,2026-05-14
1184,1693,41,377409.54,2026-08-29,2026-09-15
1185,1695,2,402823.68,2026-06-06,2026-06-20
1186,1697,6,452328.0,2026-06-27,2026-07-08
1187,1698,8,408767.04,2026-05-28,2026-05-29
1188,1699,26,121061.73,2026-07-04,2026-07-11
1189,1700,31,238889.85,2026-07-25,
1190,1701,12,408438.72,2026-09-03,2026-09-12
1191,1702,23,258461.94,2026-05-27,2026-06-07
1192,1703,34,163109.68,2026-09-28,
1193,1704,23,543125.76,2026-08-07,2026-08-15
1194,1706,4,113780.74,2026-04-24,
1195,1707,23,83528.75,2026-08-21,2026-09-07
1196,1709,32,167677.28,2026-06-14,2026-06-17
1197,1711,7,620935.68,2026-07-22,2026-07-25
1198,1712,1,88042.58,2026-04-13,2026-04-30
1199,1713,28,84397.62,2026-06-12,2026-06-26
1200,1715,30,127673.16,2026-07-12,2026-08-02
1201,1716,46,230581.72,2026-08-27,2026-09-14
1202,1717,17,635539.2,2026-08-01,2026-08-23
1203,1718,28,549463.68,2026-09-21,2026-09-28
1204,1719,35,578189.76,2026-06-11,2026-07-02
1205,1720,8,210497.96,2026-09-29,
1206,1721,45,84539.74,2026-09-03,
1207,1722,11,572604.48,2026-08-16,2026-09-08
1208,1723,41,176628.94,2026-07-22,2026-08-10
1209,1724,33,361444.41,2026-04-10,2026-04-20
1210,1725,8,117414.49,2026-06-02,2026-06-25
1211,1726,37,259806.0,2026-07-26,2026-08-02
1212,1727,10,357063.96,2026-06-04,2026-06-04
1213,1728,30,575092.8,2026-04-15,2026-05-04
1214,1731,44,601067.52,2026-10-01,
1215,1732,25,217333.78,2026-08-26,2026-08-26
1216,1733,28,243668.73,2026-07-25,2026-07-30
1217,1736,24,171352.64,2026-04-23,2026-04-24
1218,1737,39,264009.18,2026-04-25,2026-05-19
1219,1738,18,374826.24,2026-10-03,
1220,1740,12,164723.16,2026-05-22,2026-06-14
1221,1741,37,111552.04,2026-07-16,2026-07-20
1222,1742,3,212388.84,2026-10-11,
1223,1743,6,606118.08,2026-07-23,2026-08-06
1224,1744,18,84863.69,2026-07-15,2026-07-22
1225,1745,25,232414.08,2026-07-18,2026-08-03
1226,1746,36,170433.42,2026-05-22,2026-06-14
1227,1747,18,171857.28,2026-06-22,2026-07-03
1228,1748,1,257185.71,2026-06-07,2026-06-07
1229,1752,33,533783.04,2026-03-13,2026-04-03
1230,1753,13,556644.48,2026-07-11,2026-07-15
1231,1755,32,353451.3,2026-07-22,2026-07-26
1232,1757,27,168541.4,2026-08-14,2026-08-29
1233,1762,6,83541.48,2026-07-18,
1234,1765,32,631987.2,2026-07-03,2026-07-22
1235,1766,31,290541.54,2026-07-05,2026-07-26
1236,1767,35,547712.64,2026-06-03,
1237,1768,13,249863.49,2026-07-15,2026-07-18
1238,1769,9,254722.17,2026-03-17,2026-03-24
1239,1770,3,117657.5,2026-07-05,2026-07-23
1240,1772,12,378774.72,2026-04-25,
1241,1773,29,156046.62,2026-08-30,2026-09-16
1242,1774,23,109748.37,2026-06-18,2026-06-29
1243,1775,9,121522.29,2026-07-20,2026-07-31
1244,1777,5,304189.05,2026-08-11,2026-08-11
1245,1778,9,419101.44,2026-06-02,2026-06-17
1246,1779,7,448829.76,2026-05-12,2026-06-02
1247,1781,29,231604.11,2026-07-23,
1248,1785,31,170780.74,2026-06-02,2026-06-10
1249,1786,47,621717.12,2026-08-05,2026-08-21
1250,1787,27,616819.2,2026-10-08,
1251,1788,1,303477.69,2026-11-09,
1252,1789,16,364601.64,2026-07-21,2026-07-31
1253,1790,47,333986.37,2026-07-29,2026-08-21
1254,1791,26,259894.35,2026-04-01,2026-04-18
1255,1792,48,100716.91,2026-09-13,2026-09-14
1256,1793,26,224374.8,2026-10-06,
1257,1794,1,239785.89,2026-09-25,2026-09-28
1258,1795,44,267161.28,2026-08-26,
1259,1796,39,78749.87,2026-07-31,2026-08-07
1260,1797,36,436631.04,2026-05-11,
1261,1799,10,259868.7,2026-08-26,2026-09-02
1262,1800,46,105074.75,2026-10-13,
1263,1802,49,109637.03,2026-06-17,2026-07-09
1264,1803,10,158918.66,2026-06-14,2026-06-27
1265,1804,28,620016.96,2026-07-22,
1266,1807,4,85000.87,2026-09-10,2026-09-19
1267,1808,43,227731.72,2026-05-29,
1268,1810,31,314168.04,2026-09-19,2026-09-23
1269,1811,47,87463.27,2026-05-24,2026-06-11
1270,1815,32,85188.78,2026-02-27,2026-03-23
1271,1816,29,166089.26,2026-08-05,
1272,1819,34,85020.44,2026-03-15,2026-04-01
1273,1820,37,121052.23,2026-08-12,2026-09-03
1274,1821,36,148146.04,2026-09-17,
1275,1824,37,162042.26,2026-05-27,2026-06-20
1276,1828,24,112282.02,2026-08-30,2026-09-01
1277,1829,37,239240.4,2026-07-31,
1278,1830,26,368083.2,2026-05-23,2026-05-27
1279,1831,28,223807.65,2026-08-31,2026-09-15
1280,1833,47,471179.52,2026-09-14,2026-09-20
1281,1835,7,83689.3,2026-05-12,2026-05-27
1282,1836,37,178170.98,2026-08-17,2026-08-19
1283,1837,2,320817.09,2026-10-30,
1284,1838,19,419854.08,2026-03-30,2026-04-04
1285,1840,9,317458.65,2026-04-28,2026-05-11
1286,1841,19,226420.72,2026-05-02,2026-05-04
1287,1843,37,81151.09,2026-05-11,
1288,1844,24,165117.98,2026-07-23,2026-08-01
1289,1846,48,80958.05,2026-08-18,2026-09-02
1290,1847,27,575628.48,2026-06-20,
1291,1848,37,503645.76,2026-10-19,
1292,1850,11,416242.56,2026-07-06,2026-07-17
1293,1851,48,105308.07,2026-05-02,
1294,1852,43,603368.64,2026-11-02,
1295,1854,19,86878.45,2026-07-06,2026-07-22
1296,1855,10,353712.93,2026-08-25,2026-08-31
1297,1856,43,167651.44,2026-07-23,2026-07-25
1298,1857,40,416764.8,2026-07-04,2026-07-26
1299,1858,13,103532.9,2026-10-28,
1300,1859,30,82462.28,2026-05-05,
1301,1860,31,166723.1,2026-05-15,2026-06-03
1302,1861,24,79817.1,2026-07-13,2026-08-05
1303,1863,7,257158.35,2026-06-18,2026-07-04
1304,1866,35,78022.74,2026-09-18,2026-09-22
1305,1867,33,125385.18,2026-06-25,
1306,1868,50,437852.16,2026-02-20,2026-02-26
1307,1869,28,214744.08,2026-05-03,2026-05-13
1308,1870,8,81171.04,2026-07-19,2026-08-03
1309,1871,23,170732.48,2026-06-12,2026-07-04
1310,1873,34,215799.72,2026-10-13,
1311,1874,34,425400.96,2026-07-02,2026-07-17
1312,1875,43,239527.68,2026-08-14,2026-08-16
1313,1876,17,261536.52,2026-03-25,2026-04-06
1314,1877,16,159600.38,2026-07-27,2026-07-28
1315,1878,4,184845.3,2026-03-06,2026-03-15
1316,1879,21,252817.8,2026-02-22,2026-03-09
1317,1880,24,245880.33,2026-06-16,2026-07-04
1318,1882,38,78861.59,2026-09-07,2026-09-27
1319,1883,8,637484.16,2026-04-22,2026-05-05
1320,1884,15,81150.71,2026-06-25,2026-07-01
1321,1885,26,446156.16,2026-04-30,
1322,1886,17,165328.5,2026-06-25,2026-07-18
1323,1888,43,167602.04,2026-05-15,2026-06-08
1324,1889,37,303515.88,2026-10-07,
1325,1890,27,266392.35,2026-04-21,2026-05-10
1326,1891,16,236498.32,2026-08-28,2026-08-29
1327,1892,43,77581.56,2026-10-06,
1328,1895,41,157142.92,2026-08-17,2026-08-27
1329,1896,48,442488.96,2026-09-12,2026-09-18
1330,1897,13,379326.45,2026-08-01,2026-08-02
1331,1899,10,608590.08,2026-07-12,2026-07-17
1332,1902,45,241439.84,2026-08-16,2026-09-07
1333,1903,35,321600.27,2026-06-19,
1334,1904,25,394989.12,2026-09-11,2026-09-28
1335,1905,15,261787.32,2026-01-30,2026-02-01
1336,1906,8,253097.67,2026-03-19,
1337,1907,14,413112.0,2026-09-27,2026-09-28
1338,1908,8,392509.98,2026-07-16,2026-08-02
1339,1910,35,178855.36,2026-06-25,
1340,1911,7,83443.82,2026-09-09,2026-09-16
1341,1912,3,84628.66,2026-08-01,2026-08-04
1342,1913,28,252306.51,2026-03-10,2026-04-02
1343,1914,15,240322.83,2026-05-28,
1344,1915,23,92415.81,2026-03-17,2026-04-09
1345,1918,23,235496.07,2026-06-16,2026-06-16
1346,1919,35,468355.2,2026-08-01,2026-08-19
1347,1921,28,78652.97,2026-04-28,
1348,1923,14,451947.84,2026-03-14,2026-03-25
1349,1925,22,534072.96,2026-10-25,
1350,1926,2,183411.18,2026-06-30,
1351,1927,35,166022.0,2026-07-12,2026-08-04
1352,1928,31,242130.3,2026-04-29,2026-04-29
1353,1929,16,398621.76,2026-07-31,2026-08-09
1354,1930,19,160876.04,2026-02-11,2026-02-14
1355,1931,17,240445.95,2026-06-19,2026-07-02
1356,1932,33,421944.96,2026-02-15,2026-03-01
1357,1933,38,172266.92,2026-09-14,2026-09-28
1358,1934,6,540758.4,2026-05-23,2026-06-11
1359,1935,21,372072.06,2026-05-22,2026-06-09
1360,1937,23,163972.28,2026-06-10,2026-07-03
1361,1938,13,259943.37,2026-06-20,
1362,1940,23,273141.15,2026-04-05,2026-04-09
1363,1942,20,241236.54,2026-07-02,2026-07-05
1364,1943,39,417096.96,2026-06-10,2026-06-16
1365,1945,1,160070.82,2026-08-06,2026-08-21
1366,1946,19,208182.62,2026-09-26,2026-09-27
1367,1947,43,257850.33,2026-10-14,
1368,1948,27,326293.65,2026-04-19,
1369,1951,8,82651.9,2026-10-01,
1370,1952,2,79038.29,2026-10-06,
1371,1954,26,408284.16,2026-08-12,2026-08-26
1372,1959,37,189538.3,2026-02-27,2026-03-11
1373,1960,6,256842.57,2026-02-13,2026-03-03
1374,1961,5,79843.89,2026-10-13,
1375,1962,40,83756.37,2026-04-10,2026-04-18
1376,1963,42,161853.02,2026-10-06,
1377,1964,48,474569.28,2026-06-05,2026-06-08
1378,1965,17,530733.12,2026-09-10,2026-09-16
1379,1967,49,238825.44,2026-08-01,2026-08-25
1380,1969,13,602509.44,2026-07-29,2026-08-02
1381,1970,39,521032.32,2026-10-25,
1382,1971,46,100336.91,2026-08-02,2026-08-09
1383,1972,15,112609.2,2026-08-18,2026-08-29
1384,1973,39,116462.21,2026-06-02,
1385,1975,26,116109.76,2026-08-23,2026-09-06
1386,1976,32,162775.66,2026-05-19,2026-06-01
1387,1977,14,254125.95,2026-04-05,
1388,1978,47,224590.26,2026-01-28,2026-02-04
1389,1979,50,169620.98,2026-07-14,2026-07-28
1390,1980,50,86845.2,2026-09-01,2026-09-19
1391,1981,37,79673.84,2026-10-17,
1392,1982,3,424168.32,2026-09-27,2026-09-28
1393,1983,19,380737.2,2026-03-08,2026-03-15
1394,1984,23,82451.83,2026-09-17,2026-09-28
1395,1985,48,602446.08,2026-07-02,2026-07-15
1396,1987,27,507683.52,2026-10-10,
1397,1989,40,304466.64,2026-09-03,2026-09-12
1398,1990,17,426752.64,2026-07-07,
1399,1991,5,408958.08,2026-08-23,2026-09-10
1400,1992,50,82793.83,2026-09-21,2026-09-28
1401,1994,1,177653.42,2026-08-28,
1402,1996,23,333051.57,2026-06-11,2026-06-11
1403,1997,6,602512.32,2026-06-17,2026-07-04
