counterparty_id,credit_limit_usd,max_forward_days,max_fixation_days,payment_terms_days,insurance_covered
1,500000,90,60,45,N
2,2000000,60,60,45,N
3,200000,60,30,30,Y
4,2000000,90,60,0,Y
5,1000000,120,45,30,Y
6,200000,120,45,30,N
7,500000,60,45,0,N
8,1000000,120,30,30,Y
9,500000,60,60,45,Y
10,200000,120,30,0,Y
11,1000000,120,30,45,Y
12,1000000,120,30,0,N
13,200000,60,30,45,Y
14,500000,120,30,30,Y
15,200000,60,30,0,N
16,1000000,90,60,45,Y
17,1000000,90,60,0,Y
18,1000000,60,30,30,Y
19,2000000,60,30,0,Y
20,2000000,120,45,45,Y
21,500000,90,60,45,Y
22,200000,90,60,45,Y
23,1000000,90,60,30,Y
24,2000000,90,45,30,Y
25,2000000,120,45,30,N
26,200000,60,30,45,Y
27,200000,120,60,45,Y
28,200000,120,60,0,Y
29,200000,90,30,30,N
30,1000000,60,60,0,N
31,1000000,60,30,0,Y
32,500000,120,60,45,Y
33,500000,120,60,0,Y
34,2000000,60,30,45,Y
35,500000,60,45,30,Y
36,2000000,60,30,0,Y
37,2000000,60,45,30,Y
38,500000,120,60,30,Y
39,200000,120,30,45,Y
40,2000000,60,45,30,Y
41,1000000,120,60,45,N
42,500000,60,30,45,Y
43,1000000,90,30,45,N
44,1000000,90,45,30,Y
45,2000000,120,45,0,N
46,500000,120,45,30,N
47,2000000,60,30,0,N
48,2000000,60,60,30,N
49,200000,60,45,45,N
50,200000,60,30,30,N
