date,commodity,price_usd_mt
2025-09-28,Robusta,4185.30035616756
2025-09-29,Robusta,4180.106028324729
2025-09-30,Robusta,4167.485612404527
2025-10-01,Robusta,4175.122225527036
2025-10-02,Robusta,4249.500884614298
2025-10-03,Robusta,4120.611752001566
2025-10-04,Robusta,4108.916763839756
2025-10-05,Robusta,4117.629285959013
2025-10-06,Robusta,4132.28081338433
2025-10-07,Robusta,4113.879640052136
2025-10-08,Robusta,4028.0640391476945
2025-10-09,Robusta,4043.949522596365
2025-10-10,Robusta,4128.648119722658
2025-10-11,Robusta,4053.349939359293
2025-10-12,Robusta,4095.585232066181
2025-10-13,Robusta,4079.4709799399334
2025-10-14,Robusta,4076.470033591719
2025-10-15,Robusta,4025.288736006488
2025-10-16,Robusta,4009.16572034228
2025-10-17,Robusta,4072.2012667146914
2025-10-18,Robusta,4100.773309192405
2025-10-19,Robusta,4186.911320912668
2025-10-20,Robusta,4246.4878364198
2025-10-21,Robusta,4268.921802144912
2025-10-22,Robusta,4359.199782172836
2025-10-23,Robusta,4382.224281095298
2025-10-24,Robusta,4425.982467386384
2025-10-25,Robusta,4410.259048549429
2025-10-26,Robusta,4413.78226653313
2025-10-27,Robusta,4376.997087559086
2025-10-28,Robusta,4429.283797648043
2025-10-29,Robusta,4367.0959966511755
2025-10-30,Robusta,4408.288243289929
2025-10-31,Robusta,4398.21443339447
2025-11-01,Robusta,4460.467642394979
2025-11-02,Robusta,4500.839977190393
2025-11-03,Robusta,4600.255267300517
2025-11-04,Robusta,4640.773668039707
2025-11-05,Robusta,4554.04845678089
2025-11-06,Robusta,4550.39103031091
2025-11-07,Robusta,4486.841866067437
2025-11-08,Robusta,4459.0231865613805
2025-11-09,Robusta,4540.624087339533
2025-11-10,Robusta,4575.494921815982
2025-11-11,Robusta,4537.279971861594
2025-11-12,Robusta,4482.420088813651
2025-11-13,Robusta,4484.183753030474
2025-11-14,Robusta,4419.195925752587
2025-11-15,Robusta,4383.748055759526
2025-11-16,Robusta,4400.192071653401
2025-11-17,Robusta,4461.620036912307
2025-11-18,Robusta,4494.332123171831
2025-11-19,Robusta,4372.4417267959225
2025-11-20,Robusta,4388.4408360245925
2025-11-21,Robusta,4392.235856893837
2025-11-22,Robusta,4414.104965434616
2025-11-23,Robusta,4500.549965427832
2025-11-24,Robusta,4390.4895888576
2025-11-25,Robusta,4359.456978654461
2025-11-26,Robusta,4390.479204357579
2025-11-27,Robusta,4307.937479355151
2025-11-28,Robusta,4384.916726381883
2025-11-29,Robusta,4404.342184596184
2025-11-30,Robusta,4449.313978964436
2025-12-01,Robusta,4418.93447633433
2025-12-02,Robusta,4462.297476260368
2025-12-03,Robusta,4519.879893590942
2025-12-04,Robusta,4532.528527062237
2025-12-05,Robusta,4545.29561914637
2025-12-06,Robusta,4560.065042369585
2025-12-07,Robusta,4513.065994444245
2025-12-08,Robusta,4505.083382474392
2025-12-09,Robusta,4496.845402922259
2025-12-10,Robusta,4517.581822879704
2025-12-11,Robusta,4572.109732862537
2025-12-12,Robusta,4514.400117607147
2025-12-13,Robusta,4507.633105128034
2025-12-14,Robusta,4588.483934108848
2025-12-15,Robusta,4547.722750084078
2025-12-16,Robusta,4503.07102034392
2025-12-17,Robusta,4514.016290539978
2025-12-18,Robusta,4559.987624362345
2025-12-19,Robusta,4560.612899291345
2025-12-20,Robusta,4633.926427996897
2025-12-21,Robusta,4681.816038662259
2025-12-22,Robusta,4729.350688453909
2025-12-23,Robusta,4760.90280858566
2025-12-24,Robusta,4895.7581823603205
2025-12-25,Robusta,4883.719942950282
2025-12-26,Robusta,4767.704467531702
2025-12-27,Robusta,4860.376955183357
2025-12-28,Robusta,4833.755029947966
2025-12-29,Robusta,4840.016693825675
2025-12-30,Robusta,4916.676421149959
2025-12-31,Robusta,4823.045927230926
2026-01-01,Robusta,4751.14621338017
2026-01-02,Robusta,4660.722885595334
2026-01-03,Robusta,4616.518854102399
2026-01-04,Robusta,4640.93829972558
2026-01-05,Robusta,4670.2229884644075
2026-01-06,Robusta,4685.731826689765
2026-01-07,Robusta,4606.963297412586
2026-01-08,Robusta,4481.006462405785
2026-01-09,Robusta,4483.930120978762
2026-01-10,Robusta,4458.616912366957
2026-01-11,Robusta,4483.2634857150515
2026-01-12,Robusta,4521.187503620226
2026-01-13,Robusta,4528.693913301014
2026-01-14,Robusta,4570.191810040642
2026-01-15,Robusta,4582.779593019811
2026-01-16,Robusta,4612.022534921764
2026-01-17,Robusta,4573.187335474522
2026-01-18,Robusta,4563.341190449875
2026-01-19,Robusta,4574.129400214026
2026-01-20,Robusta,4619.390302776251
2026-01-21,Robusta,4597.6156549044035
2026-01-22,Robusta,4626.459275801858
2026-01-23,Robusta,4611.724083275914
2026-01-24,Robusta,4605.223804168578
2026-01-25,Robusta,4651.294171296873
2026-01-26,Robusta,4541.370200660226
2026-01-27,Robusta,4471.263830955696
2026-01-28,Robusta,4392.439994671142
2026-01-29,Robusta,4271.14305880623
2026-01-30,Robusta,4236.520575667458
2026-01-31,Robusta,4274.792316197511
2026-02-01,Robusta,4260.203424646477
2026-02-02,Robusta,4270.3269456997305
2026-02-03,Robusta,4326.509091218163
2026-02-04,Robusta,4395.992084548761
2026-02-05,Robusta,4392.346439306596
2026-02-06,Robusta,4464.2740369245275
2026-02-07,Robusta,4469.212109782777
2026-02-08,Robusta,4424.5268784093605
2026-02-09,Robusta,4393.079880358615
2026-02-10,Robusta,4315.719740304212
2026-02-11,Robusta,4269.968729826531
2026-02-12,Robusta,4251.663438826041
2026-02-13,Robusta,4292.8606288209485
2026-02-14,Robusta,4382.426480342173
2026-02-15,Robusta,4310.338260510915
2026-02-16,Robusta,4330.704857343527
2026-02-17,Robusta,4276.965599618537
2026-02-18,Robusta,4301.398279695164
2026-02-19,Robusta,4294.637327987281
2026-02-20,Robusta,4201.309411928031
2026-02-21,Robusta,4248.371807197671
2026-02-22,Robusta,4217.6402820879575
2026-02-23,Robusta,4190.705068699636
2026-02-24,Robusta,4137.252685398021
2026-02-25,Robusta,4104.896648772226
2026-02-26,Robusta,4126.028206726944
2026-02-27,Robusta,4116.668908051057
2026-02-28,Robusta,4132.936878699607
2026-03-01,Robusta,4150.925515436456
2026-03-02,Robusta,4217.233165421741
2026-03-03,Robusta,4199.921485567434
2026-03-04,Robusta,4126.14491901503
2026-03-05,Robusta,4179.326906422672
2026-03-06,Robusta,4162.735158867489
2026-03-07,Robusta,4218.786205593777
2026-03-08,Robusta,4238.239552009577
2026-03-09,Robusta,4231.575289787048
2026-03-10,Robusta,4249.322860889202
2026-03-11,Robusta,4349.982378245627
2026-03-12,Robusta,4459.762709475096
2026-03-13,Robusta,4463.477336401192
2026-03-14,Robusta,4472.065673374643
2026-03-15,Robusta,4530.196441362949
2026-03-16,Robusta,4484.456788126224
2026-03-17,Robusta,4502.41633128928
2026-03-18,Robusta,4501.0192043945635
2026-03-19,Robusta,4518.006060848901
2026-03-20,Robusta,4473.049245371681
2026-03-21,Robusta,4388.535287601373
2026-03-22,Robusta,4280.713591624065
2026-03-23,Robusta,4223.698277579462
2026-03-24,Robusta,4200.514467023072
2026-03-25,Robusta,4185.761768427725
2026-03-26,Robusta,4284.2070604056025
2026-03-27,Robusta,4341.445708865254
2026-03-28,Robusta,4291.6115362990495
2026-03-29,Robusta,4309.555701562703
2026-03-30,Robusta,4288.555120586889
2026-03-31,Robusta,4273.945940772771
2026-04-01,Robusta,4283.461379264397
2026-04-02,Robusta,4315.4062551705665
2026-04-03,Robusta,4297.87350997965
2026-04-04,Robusta,4353.092822784734
2026-04-05,Robusta,4293.848115479704
2026-04-06,Robusta,4294.174755554834
2026-04-07,Robusta,4430.141305541163
2026-04-08,Robusta,4442.0164905156535
2026-04-09,Robusta,4519.073576802864
2026-04-10,Robusta,4524.039340136142
2026-04-11,Robusta,4555.67896661858
2026-04-12,Robusta,4552.575791935448
2026-04-13,Robusta,4543.275782783317
2026-04-14,Robusta,4500.977075818665
2026-04-15,Robusta,4524.2785024866935
2026-04-16,Robusta,4478.282808188544
2026-04-17,Robusta,4514.194176796882
2026-04-18,Robusta,4573.369025887322
2026-04-19,Robusta,4593.528728991576
2026-04-20,Robusta,4577.777096414078
2026-04-21,Robusta,4602.782984226442
2026-04-22,Robusta,4585.765459737992
2026-04-23,Robusta,4637.537925791655
2026-04-24,Robusta,4536.7311103044685
2026-04-25,Robusta,4518.497127050575
2026-04-26,Robusta,4411.830578957103
2026-04-27,Robusta,4333.384908292159
2026-04-28,Robusta,4404.890131885716
2026-04-29,Robusta,4452.463494084001
2026-04-30,Robusta,4414.187451303804
2026-05-01,Robusta,4335.312663063185
2026-05-02,Robusta,4183.797750700656
2026-05-03,Robusta,4156.600034722435
2026-05-04,Robusta,4279.098775302565
2026-05-05,Robusta,4301.4880981172655
2026-05-06,Robusta,4272.700934934148
2026-05-07,Robusta,4296.613383859091
2026-05-08,Robusta,4216.880459198831
2026-05-09,Robusta,4201.861942327641
2026-05-10,Robusta,4206.880824621826
2026-05-11,Robusta,4202.536487136432
2026-05-12,Robusta,4242.607013501077
2026-05-13,Robusta,4260.18967817604
2026-05-14,Robusta,4294.493397969919
2026-05-15,Robusta,4259.164990777886
2026-05-16,Robusta,4305.300398464507
2026-05-17,Robusta,4390.285055024462
2026-05-18,Robusta,4339.470619291018
2026-05-19,Robusta,4293.490402113181
2026-05-20,Robusta,4362.867077018729
2026-05-21,Robusta,4352.860868622548
2026-05-22,Robusta,4426.8096556309165
2026-05-23,Robusta,4403.363708395454
2026-05-24,Robusta,4480.9239990795995
2026-05-25,Robusta,4487.999715174263
2026-05-26,Robusta,4501.928455468251
2026-05-27,Robusta,4587.258031885137
2026-05-28,Robusta,4567.386781743263
2026-05-29,Robusta,4516.09533254064
2026-05-30,Robusta,4491.8515357600545
2026-05-31,Robusta,4516.299631365859
2026-06-01,Robusta,4432.234612428761
2026-06-02,Robusta,4466.269671809253
2026-06-03,Robusta,4437.487239011324
2026-06-04,Robusta,4499.030958406704
2026-06-05,Robusta,4371.608011100983
2026-06-06,Robusta,4330.539447836275
2026-06-07,Robusta,4243.780503805705
2026-06-08,Robusta,4201.912364911178
2026-06-09,Robusta,4214.418985433033
2026-06-10,Robusta,4205.364692429556
2026-06-11,Robusta,4192.597570691293
2026-06-12,Robusta,4184.596437819637
2026-06-13,Robusta,4194.822083886902
2026-06-14,Robusta,4144.360502613329
2026-06-15,Robusta,4179.663290324121
2026-06-16,Robusta,4213.032437637427
2026-06-17,Robusta,4232.543606019089
2026-06-18,Robusta,4260.904829198378
2026-06-19,Robusta,4276.087923137272
2026-06-20,Robusta,4381.79928014965
2026-06-21,Robusta,4377.222122316611
2026-06-22,Robusta,4361.1217479841725
2026-06-23,Robusta,4321.8647964202855
2026-06-24,Robusta,4268.659411978718
2026-06-25,Robusta,4205.386322811634
2026-06-26,Robusta,4160.771832392679
2026-06-27,Robusta,4157.244309271264
2026-06-28,Robusta,4173.954762447225
2026-06-29,Robusta,4176.517124299823
2026-06-30,Robusta,4138.325560473971
2026-07-01,Robusta,4183.270959839875
2026-07-02,Robusta,4220.554083631734
2026-07-03,Robusta,4212.476172061811
2026-07-04,Robusta,4179.60040652816
2026-07-05,Robusta,4207.197632186918
2026-07-06,Robusta,4216.69844795926
2026-07-07,Robusta,4144.055660394973
2026-07-08,Robusta,4140.676471315913
2026-07-09,Robusta,4153.7170293908375
2026-07-10,Robusta,4109.113310374223
2026-07-11,Robusta,4118.485037432589
2026-07-12,Robusta,4047.209035627185
2026-07-13,Robusta,4112.625982874128
2026-07-14,Robusta,4174.677666011337
2026-07-15,Robusta,4162.046671237557
2026-07-16,Robusta,4180.238881629572
2026-07-17,Robusta,4061.0815510804146
2026-07-18,Robusta,4005.1184599831713
2026-07-19,Robusta,3991.023886197471
2026-07-20,Robusta,3940.0058765040394
2026-07-21,Robusta,3973.927786992555
2026-07-22,Robusta,4070.323706131207
2026-07-23,Robusta,4013.2570932539684
2026-07-24,Robusta,3973.127601511923
2026-07-25,Robusta,3984.369071678954
2026-07-26,Robusta,4062.1499089633835
2026-07-27,Robusta,4002.9991830934086
2026-07-28,Robusta,4014.9797725041653
2026-07-29,Robusta,4103.695444209769
2026-07-30,Robusta,4023.156469052565
2026-07-31,Robusta,3961.782124032337
2026-08-01,Robusta,3941.694378125544
2026-08-02,Robusta,3917.1471270005595
2026-08-03,Robusta,3955.5309127326145
2026-08-04,Robusta,3967.0182707780787
2026-08-05,Robusta,3883.4160925289293
2026-08-06,Robusta,3907.509159263691
2026-08-07,Robusta,3880.5219224493535
2026-08-08,Robusta,3940.3242910157965
2026-08-09,Robusta,3910.760971195141
2026-08-10,Robusta,3880.998995077095
2026-08-11,Robusta,3906.2825715412737
2026-08-12,Robusta,3942.2092541666025
2026-08-13,Robusta,3963.464366878548
2026-08-14,Robusta,3884.100071383788
2026-08-15,Robusta,3909.2585560546345
2026-08-16,Robusta,3861.0378939935595
2026-08-17,Robusta,3871.9542166306856
2026-08-18,Robusta,3806.3644915382033
2026-08-19,Robusta,3826.8055597742273
2026-08-20,Robusta,3789.9438770602933
2026-08-21,Robusta,3732.057144944502
2026-08-22,Robusta,3764.1626645214683
2026-08-23,Robusta,3775.0935766713346
2026-08-24,Robusta,3747.381949256029
2026-08-25,Robusta,3813.2109204492867
2026-08-26,Robusta,3793.1005299493872
2026-08-27,Robusta,3794.5622631502783
2026-08-28,Robusta,3806.8269471855047
2026-08-29,Robusta,3778.624402360109
2026-08-30,Robusta,3800.0478706775557
2026-08-31,Robusta,3775.7998310515845
2026-09-01,Robusta,3757.194653616871
2026-09-02,Robusta,3819.1362628286593
2026-09-03,Robusta,3771.7430995013897
2026-09-04,Robusta,3664.104221879637
2026-09-05,Robusta,3735.624979779973
2026-09-06,Robusta,3851.670963421523
2026-09-07,Robusta,3832.98487129806
2026-09-08,Robusta,3744.925722305097
2026-09-09,Robusta,3730.998809769041
2026-09-10,Robusta,3718.206022059809
2026-09-11,Robusta,3709.7415597098247
2026-09-12,Robusta,3660.506615004413
2026-09-13,Robusta,3686.0531956167542
2026-09-14,Robusta,3709.326706594574
2026-09-15,Robusta,3643.400730119341
2026-09-16,Robusta,3674.0987804809897
2026-09-17,Robusta,3765.7238204935456
2026-09-18,Robusta,3773.5025049247474
2026-09-19,Robusta,3758.2586105061137
2026-09-20,Robusta,3751.859846285806
2026-09-21,Robusta,3779.6626410474305
2026-09-22,Robusta,3701.975877221244
2026-09-23,Robusta,3709.285930081363
2026-09-24,Robusta,3691.9464751895416
2026-09-25,Robusta,3774.725705174118
2026-09-26,Robusta,3766.8444926519205
2026-09-27,Robusta,3842.9961036807263
2026-09-28,Robusta,3792.4316487444494
2025-09-28,Arabica,7057.78863115133
2025-09-29,Arabica,7089.418931238085
2025-09-30,Arabica,7003.686964545763
2025-10-01,Arabica,7021.102557783185
2025-10-02,Arabica,7141.304972679618
2025-10-03,Arabica,7109.006100425497
2025-10-04,Arabica,6942.590445999537
2025-10-05,Arabica,6940.883614687313
2025-10-06,Arabica,6853.744635926947
2025-10-07,Arabica,6820.974784678814
2025-10-08,Arabica,6813.188118925609
2025-10-09,Arabica,6652.422221268113
2025-10-10,Arabica,6503.638668290197
2025-10-11,Arabica,6547.679755528592
2025-10-12,Arabica,6499.938331189667
2025-10-13,Arabica,6270.689198135038
2025-10-14,Arabica,6339.9703074732615
2025-10-15,Arabica,6364.191884955366
2025-10-16,Arabica,6300.9033632601595
2025-10-17,Arabica,6185.806485732941
2025-10-18,Arabica,6258.613667404154
2025-10-19,Arabica,6289.298953838102
2025-10-20,Arabica,6502.625655771154
2025-10-21,Arabica,6540.99099816255
2025-10-22,Arabica,6576.591004998869
2025-10-23,Arabica,6561.239516000836
2025-10-24,Arabica,6636.696986014289
2025-10-25,Arabica,6695.030874278681
2025-10-26,Arabica,6813.389639823181
2025-10-27,Arabica,6763.8430019274865
2025-10-28,Arabica,6722.738022071465
2025-10-29,Arabica,6677.796520425229
2025-10-30,Arabica,6752.13867213041
2025-10-31,Arabica,6895.275984349541
2025-11-01,Arabica,6851.1243005748975
2025-11-02,Arabica,6810.502718632709
2025-11-03,Arabica,6840.514986483895
2025-11-04,Arabica,6817.019536466574
2025-11-05,Arabica,6908.490133640304
2025-11-06,Arabica,6694.097897171569
2025-11-07,Arabica,6617.067901423426
2025-11-08,Arabica,6544.98120673264
2025-11-09,Arabica,6335.783878158963
2025-11-10,Arabica,6250.882198642564
2025-11-11,Arabica,6171.305599247103
2025-11-12,Arabica,6153.954939870416
2025-11-13,Arabica,6250.59386271187
2025-11-14,Arabica,6229.185763257941
2025-11-15,Arabica,6139.935492938675
2025-11-16,Arabica,6135.041683343589
2025-11-17,Arabica,6225.8208878507485
2025-11-18,Arabica,6141.333369660071
2025-11-19,Arabica,6063.540263445915
2025-11-20,Arabica,6111.141110165256
2025-11-21,Arabica,6092.216733865773
2025-11-22,Arabica,6147.69243059252
2025-11-23,Arabica,6146.517994886345
2025-11-24,Arabica,6207.194564112493
2025-11-25,Arabica,6117.894119950343
2025-11-26,Arabica,6116.8591509074995
2025-11-27,Arabica,6098.8430786225235
2025-11-28,Arabica,5995.904309230444
2025-11-29,Arabica,5866.087751244874
2025-11-30,Arabica,5922.676251395048
2025-12-01,Arabica,5893.647540905389
2025-12-02,Arabica,5809.898837612501
2025-12-03,Arabica,5802.081043629818
2025-12-04,Arabica,5894.436369672754
2025-12-05,Arabica,5709.1981685966075
2025-12-06,Arabica,5590.818207616383
2025-12-07,Arabica,5519.047196977765
2025-12-08,Arabica,5633.110297296508
2025-12-09,Arabica,5655.440250256804
2025-12-10,Arabica,5716.520976213204
2025-12-11,Arabica,5625.996829598753
2025-12-12,Arabica,5538.50519684435
2025-12-13,Arabica,5573.337331268932
2025-12-14,Arabica,5577.886141625589
2025-12-15,Arabica,5620.90240004268
2025-12-16,Arabica,5606.153459638483
2025-12-17,Arabica,5628.026448643
2025-12-18,Arabica,5640.498825882244
2025-12-19,Arabica,5702.2523696105845
2025-12-20,Arabica,5767.042391443735
2025-12-21,Arabica,5637.728055854818
2025-12-22,Arabica,5463.1164078763795
2025-12-23,Arabica,5540.273308295296
2025-12-24,Arabica,5633.168004267167
2025-12-25,Arabica,5553.249557109029
2025-12-26,Arabica,5410.521947634501
2025-12-27,Arabica,5418.028771507604
2025-12-28,Arabica,5489.097153995679
2025-12-29,Arabica,5628.990464514047
2025-12-30,Arabica,5669.825144190278
2025-12-31,Arabica,5640.3958247735745
2026-01-01,Arabica,5570.308375452066
2026-01-02,Arabica,5571.20146820225
2026-01-03,Arabica,5547.908601996734
2026-01-04,Arabica,5469.625105379114
2026-01-05,Arabica,5628.779630211073
2026-01-06,Arabica,5771.228758915535
2026-01-07,Arabica,5863.752141686614
2026-01-08,Arabica,5788.642396937146
2026-01-09,Arabica,5858.350391913753
2026-01-10,Arabica,5911.046157783263
2026-01-11,Arabica,5947.782549538202
2026-01-12,Arabica,6052.756469550273
2026-01-13,Arabica,6106.8370969865
2026-01-14,Arabica,6170.434015992314
2026-01-15,Arabica,6225.699878792508
2026-01-16,Arabica,6255.4741604331275
2026-01-17,Arabica,6101.205595483001
2026-01-18,Arabica,6108.352429444015
2026-01-19,Arabica,6060.973301025375
2026-01-20,Arabica,5953.341297277906
2026-01-21,Arabica,6095.17855103838
2026-01-22,Arabica,6244.518206675633
2026-01-23,Arabica,6364.483490676422
2026-01-24,Arabica,6387.264386467164
2026-01-25,Arabica,6509.188668011755
2026-01-26,Arabica,6510.2871506628335
2026-01-27,Arabica,6528.797173788648
2026-01-28,Arabica,6429.611568058155
2026-01-29,Arabica,6465.4460560487
2026-01-30,Arabica,6470.914274626023
2026-01-31,Arabica,6353.972950320368
2026-02-01,Arabica,6349.420311198455
2026-02-02,Arabica,6342.33695403457
2026-02-03,Arabica,6503.972614028607
2026-02-04,Arabica,6585.907561175857
2026-02-05,Arabica,6586.962946182961
2026-02-06,Arabica,6609.9454863750725
2026-02-07,Arabica,6614.038132591044
2026-02-08,Arabica,6595.275663717225
2026-02-09,Arabica,6496.0844522427715
2026-02-10,Arabica,6482.361526921914
2026-02-11,Arabica,6415.003229829973
2026-02-12,Arabica,6303.689418698385
2026-02-13,Arabica,6348.967424753739
2026-02-14,Arabica,6383.840622229003
2026-02-15,Arabica,6226.13645964876
2026-02-16,Arabica,6215.451720125618
2026-02-17,Arabica,6302.700699279179
2026-02-18,Arabica,6396.860712222865
2026-02-19,Arabica,6489.393481987309
2026-02-20,Arabica,6492.929768714862
2026-02-21,Arabica,6416.566890515188
2026-02-22,Arabica,6319.950898043529
2026-02-23,Arabica,6350.514971549653
2026-02-24,Arabica,6384.325386930176
2026-02-25,Arabica,6500.430877441668
2026-02-26,Arabica,6601.3104255283715
2026-02-27,Arabica,6589.1013759937605
2026-02-28,Arabica,6475.320439915198
2026-03-01,Arabica,6446.456518015217
2026-03-02,Arabica,6466.091560611491
2026-03-03,Arabica,6447.823771349607
2026-03-04,Arabica,6395.867998155834
2026-03-05,Arabica,6418.551980037697
2026-03-06,Arabica,6373.425853431289
2026-03-07,Arabica,6317.63045866445
2026-03-08,Arabica,6345.2376179944295
2026-03-09,Arabica,6309.627578603774
2026-03-10,Arabica,6331.227374803658
2026-03-11,Arabica,6355.48978036977
2026-03-12,Arabica,6254.911316108436
2026-03-13,Arabica,6212.911272299094
2026-03-14,Arabica,6339.237335720896
2026-03-15,Arabica,6236.9379823285335
2026-03-16,Arabica,6054.829340377047
2026-03-17,Arabica,5899.044328394905
2026-03-18,Arabica,5901.448910455953
2026-03-19,Arabica,5904.003857674804
2026-03-20,Arabica,5894.290607337183
2026-03-21,Arabica,5995.3420715559905
2026-03-22,Arabica,5775.143844659307
2026-03-23,Arabica,5807.244782495967
2026-03-24,Arabica,5935.589643462657
2026-03-25,Arabica,5842.608993974095
2026-03-26,Arabica,5811.624590340706
2026-03-27,Arabica,5750.68894766104
2026-03-28,Arabica,5679.134361481609
2026-03-29,Arabica,5653.253114262833
2026-03-30,Arabica,5767.368703242202
2026-03-31,Arabica,5917.649696437077
2026-04-01,Arabica,5889.883452867909
2026-04-02,Arabica,6049.0851950236565
2026-04-03,Arabica,6052.098817422895
2026-04-04,Arabica,6202.52705315236
2026-04-05,Arabica,6194.430718364206
2026-04-06,Arabica,6205.806752330286
2026-04-07,Arabica,6237.641020466822
2026-04-08,Arabica,6521.510499601857
2026-04-09,Arabica,6599.698847817084
2026-04-10,Arabica,6534.6730515240215
2026-04-11,Arabica,6623.926265714064
2026-04-12,Arabica,6590.456581584298
2026-04-13,Arabica,6545.4236597514
2026-04-14,Arabica,6629.215998457908
2026-04-15,Arabica,6632.101649388287
2026-04-16,Arabica,6658.017766730774
2026-04-17,Arabica,6659.321488335571
2026-04-18,Arabica,6690.775351477992
2026-04-19,Arabica,6730.70092167358
2026-04-20,Arabica,6550.633418019874
2026-04-21,Arabica,6612.050168174913
2026-04-22,Arabica,6521.767939162769
2026-04-23,Arabica,6391.399813842918
2026-04-24,Arabica,6386.175335728175
2026-04-25,Arabica,6393.688195193564
2026-04-26,Arabica,6331.911706621322
2026-04-27,Arabica,6406.0102031426095
2026-04-28,Arabica,6286.762244008589
2026-04-29,Arabica,6251.047058779342
2026-04-30,Arabica,6200.070985331124
2026-05-01,Arabica,6196.028482415028
2026-05-02,Arabica,6220.265678553942
2026-05-03,Arabica,6133.110956137566
2026-05-04,Arabica,6195.61680825786
2026-05-05,Arabica,6201.083958458292
2026-05-06,Arabica,6038.990494059747
2026-05-07,Arabica,5875.64934697476
2026-05-08,Arabica,5874.636060521707
2026-05-09,Arabica,5856.490705679657
2026-05-10,Arabica,5848.017336302669
2026-05-11,Arabica,5845.726798523465
2026-05-12,Arabica,5864.215832623057
2026-05-13,Arabica,5942.535325739009
2026-05-14,Arabica,5850.8116558763595
2026-05-15,Arabica,5755.597122236042
2026-05-16,Arabica,5668.169691545835
2026-05-17,Arabica,5691.142923418676
2026-05-18,Arabica,5791.204821450838
2026-05-19,Arabica,5756.338551304934
2026-05-20,Arabica,5558.219407883174
2026-05-21,Arabica,5427.192181248763
2026-05-22,Arabica,5364.265132849107
2026-05-23,Arabica,5322.542953730553
2026-05-24,Arabica,5292.198458673239
2026-05-25,Arabica,5295.057736236728
2026-05-26,Arabica,5271.99808667813
2026-05-27,Arabica,5350.01940939857
2026-05-28,Arabica,5299.6243810510005
2026-05-29,Arabica,5236.029568123421
2026-05-30,Arabica,5271.251194332327
2026-05-31,Arabica,5159.134143027999
2026-06-01,Arabica,5187.357667286628
2026-06-02,Arabica,5194.810736973212
2026-06-03,Arabica,5184.09869503176
2026-06-04,Arabica,5300.66276511837
2026-06-05,Arabica,5254.689723477502
2026-06-06,Arabica,5408.463994801361
2026-06-07,Arabica,5391.421571963713
2026-06-08,Arabica,5295.889016926636
2026-06-09,Arabica,5301.07556377559
2026-06-10,Arabica,5221.800698075445
2026-06-11,Arabica,5167.131618351318
2026-06-12,Arabica,5195.932916169202
2026-06-13,Arabica,5236.505242090353
2026-06-14,Arabica,5191.09153189045
2026-06-15,Arabica,5263.349765095034
2026-06-16,Arabica,5349.337760368822
2026-06-17,Arabica,5457.992208400884
2026-06-18,Arabica,5498.595975287356
2026-06-19,Arabica,5604.561301904285
2026-06-20,Arabica,5458.9125672114005
2026-06-21,Arabica,5434.670617201616
2026-06-22,Arabica,5369.102923089546
2026-06-23,Arabica,5378.072309559674
2026-06-24,Arabica,5335.217829139662
2026-06-25,Arabica,5322.821417125646
2026-06-26,Arabica,5464.944426869671
2026-06-27,Arabica,5451.974711915236
2026-06-28,Arabica,5483.650166237586
2026-06-29,Arabica,5465.847554434557
2026-06-30,Arabica,5471.644348209451
2026-07-01,Arabica,5472.105263518482
2026-07-02,Arabica,5506.559146680918
2026-07-03,Arabica,5597.131639637651
2026-07-04,Arabica,5727.721314483723
2026-07-05,Arabica,5752.603048311072
2026-07-06,Arabica,5800.27953933651
2026-07-07,Arabica,5707.573685886655
2026-07-08,Arabica,5700.556121779923
2026-07-09,Arabica,5776.094647603666
2026-07-10,Arabica,5846.547690994494
2026-07-11,Arabica,5863.893982341522
2026-07-12,Arabica,5937.115447017348
2026-07-13,Arabica,5978.048245699489
2026-07-14,Arabica,6079.353888465542
2026-07-15,Arabica,6104.031473537878
2026-07-16,Arabica,6073.710320491785
2026-07-17,Arabica,6102.33479583343
2026-07-18,Arabica,5857.032816825423
2026-07-19,Arabica,5888.51315557829
2026-07-20,Arabica,5595.293236563514
2026-07-21,Arabica,5461.902996300891
2026-07-22,Arabica,5496.557699978371
2026-07-23,Arabica,5533.427553491566
2026-07-24,Arabica,5444.105323787706
2026-07-25,Arabica,5390.100351197873
2026-07-26,Arabica,5494.521894067601
2026-07-27,Arabica,5457.414565346558
2026-07-28,Arabica,5631.501141207828
2026-07-29,Arabica,5631.349780067027
2026-07-30,Arabica,5663.610960526517
2026-07-31,Arabica,5793.2758527127935
2026-08-01,Arabica,5803.912672909343
2026-08-02,Arabica,5723.036225180818
2026-08-03,Arabica,5714.251335979747
2026-08-04,Arabica,5711.40320425132
2026-08-05,Arabica,5603.3148235763965
2026-08-06,Arabica,5583.2816140270415
2026-08-07,Arabica,5525.567831664665
2026-08-08,Arabica,5597.538937434777
2026-08-09,Arabica,5600.251973092727
2026-08-10,Arabica,5578.123622292248
2026-08-11,Arabica,5569.837639473168
2026-08-12,Arabica,5587.263389611976
2026-08-13,Arabica,5635.720559530016
2026-08-14,Arabica,5557.392593474829
2026-08-15,Arabica,5476.941438043146
2026-08-16,Arabica,5562.30350774505
2026-08-17,Arabica,5530.286409838293
2026-08-18,Arabica,5421.669625019842
2026-08-19,Arabica,5455.46137917503
2026-08-20,Arabica,5490.96696530974
2026-08-21,Arabica,5374.547360808581
2026-08-22,Arabica,5391.842172709067
2026-08-23,Arabica,5447.6551361083175
2026-08-24,Arabica,5476.2834929214405
2026-08-25,Arabica,5524.9512118594375
2026-08-26,Arabica,5417.392708181935
2026-08-27,Arabica,5442.558222011706
2026-08-28,Arabica,5419.54863926918
2026-08-29,Arabica,5383.041090185276
2026-08-30,Arabica,5449.049835719377
2026-08-31,Arabica,5563.075454052212
2026-09-01,Arabica,5704.59662515402
2026-09-02,Arabica,5810.575303638884
2026-09-03,Arabica,5801.655494888186
2026-09-04,Arabica,5830.375399361222
2026-09-05,Arabica,5893.304697248542
2026-09-06,Arabica,5903.311122844866
2026-09-07,Arabica,5914.128204821917
2026-09-08,Arabica,5982.727952143675
2026-09-09,Arabica,5977.764604902696
2026-09-10,Arabica,5917.042042709393
2026-09-11,Arabica,5882.8071012105465
2026-09-12,Arabica,5935.247870859885
2026-09-13,Arabica,5935.496599024559
2026-09-14,Arabica,5963.834443423742
2026-09-15,Arabica,6020.04507352616
2026-09-16,Arabica,5988.535947297281
2026-09-17,Arabica,6052.276246658417
2026-09-18,Arabica,6084.461564659535
2026-09-19,Arabica,5980.181111041775
2026-09-20,Arabica,6102.161915138971
2026-09-21,Arabica,6059.532756951246
2026-09-22,Arabica,5920.739516907095
2026-09-23,Arabica,5834.746076933219
2026-09-24,Arabica,5751.933822978072
2026-09-25,Arabica,5756.136722413096
2026-09-26,Arabica,5734.110479357722
2026-09-27,Arabica,5707.13409090194
2026-09-28,Arabica,5756.863612336864
